[36m[1minfo[22m[39m [0mStarting logkitty[0m
[0m[2m[13:24:51][22m I | [1mReactNativeJS[22m ▶︎ [2026-08-18T07:54:51.840Z] [INFO] [SelfieVerificationScreen] Attendance Info - Status: Checked Out, ClockIn: 1:14 PM, ClockOut: 1:20 PM
[0m
[0m[2m[13:25:00][22m [33mW |[39m [1m[33mReactNativeJS[39m[22m [33m▶︎[39m [33mCannot connect to Metro.[39m
                             [33m│ [39m[33m[39m
                             [33m│ [39m[33mTry the following to fix the issue:[39m
                             [33m│ [39m[33m- Ensure that Metro is running and available on the same network[39m
                             [33m│ [39m[33m- Ensure that your device/emulator is connected to your machine and has USB debugging enabled - run 'adb devices' to see a list of connected devices[39m
                             [33m│ [39m[33m- If you're on a physical device connected to the same machine, run 'adb reverse tcp:8081 tcp:8081' to forward requests from your device[39m
                             [33m│ [39m[33m- If your device is on the same Wi-Fi network, set 'Debug server host & port for device' in 'Dev settings' to your machine's IP address and the port of the local dev server - e.g. 10.0.1.1:8081[39m
                             [33m│ [39m[33m[39m
                             [33m│ [39m[33mURL: 10.0.2.2:8081[39m
                             [33m│ [39m[33m[39m
                             [33m└ [39m[33mError: undefined[39m
[0m
[0m[2m[13:25:00][22m [33mW |[39m [1m[33mReactNativeJS[39m[22m [33m▶︎[39m [33m[2026-08-18T07:55:00.860Z] [WARN] [ConsoleWarn] Cannot connect to Metro.[39m
                             [33m│ [39m[33m[39m
                             [33m│ [39m[33mTry the following to fix the issue:[39m
                             [33m│ [39m[33m- Ensure that Metro is running and available on the same network[39m
                             [33m│ [39m[33m- Ensure that your device/emulator is connected to your machine and has USB debugging enabled - run 'adb devices' to see a list of connected devices[39m
                             [33m│ [39m[33m- If you're on a physical device connected to the same machine, run 'adb reverse tcp:8081 tcp:8081' to forward requests from your device[39m
                             [33m│ [39m[33m- If your device is on the same Wi-Fi network, set 'Debug server host & port for device' in 'Dev settings' to your machine's IP address and the port of the local dev server - e.g. 10.0.1.1:8081[39m
                             [33m│ [39m[33m[39m
                             [33m│ [39m[33mURL: 10.0.2.2:8081[39m
                             [33m│ [39m[33m[39m
                             [33m└ [39m[33mError: undefined[39m
[0m
[0m[2m[13:25:04][22m I | [1mReactNativeJS[22m ▶︎ [2026-08-18T07:55:04.560Z] [INFO] [SelfieVerificationScreen] Confirming Clock In
[0m
[0m[2m[13:25:04][22m I | [1mReactNativeJS[22m ▶︎ [2026-08-18T07:55:04.603Z] [INFO] [DB] insertRow: inserting into attendance with id att-1787039704595 - {"id":"att-1787039704595","employeeId":"G-1001","employeeName":"John Smith","employeeEmail":"john@priority-one.io","badge":"GRD-001","role":"guard","date":"2026-08-18","shift":"Morning Shift 08:00 AM - 04:00 PM","clockIn":"2026-08-18T07:55:04.595Z","clockOut":null,"status":"present","siteId":"s-01","siteName":"Ahmedabad Plant","companyId":"c-1"}
[0m
[0m[2m[13:25:04][22m I | [1mReactNativeJS[22m ▶︎ [2026-08-18T07:55:04.684Z] [INFO] [DB] getTable: read attendance table, returned 6 rows
[0m
[0m[2m[13:25:04][22m I | [1mReactNativeJS[22m ▶︎ [2026-08-18T07:55:04.723Z] [INFO] [DB] saveTable: saved 7 rows to attendance table
[0m
[0m[2m[13:25:04][22m I | [1mReactNativeJS[22m ▶︎ [2026-08-18T07:55:04.726Z] [INFO] [DB] insertRow: inserting into notifications with id notif-1787039704724 - {"id":"notif-1787039704724","userId":"G-1001","title":"Clocked In Successfully","message":"You clocked in at 1:25 PM at Ahmedabad Plant.","read":false,"createdAt":"2026-08-18T07:55:04.725Z"}
[0m
[0m[2m[13:25:04][22m I | [1mReactNativeJS[22m ▶︎ [2026-08-18T07:55:04.758Z] [INFO] [DB] getTable: read notifications table, returned 4 rows
[0m
[0m[2m[13:25:04][22m I | [1mReactNativeJS[22m ▶︎ [2026-08-18T07:55:04.793Z] [INFO] [DB] saveTable: saved 5 rows to notifications table
[0m
[0m[2m[13:25:04][22m I | [1mReactNativeJS[22m ▶︎ [2026-08-18T07:55:04.855Z] [INFO] [DB] getTable: read employees table, returned 4 rows
[0m
[0m[2m[13:25:04][22m I | [1mReactNativeJS[22m ▶︎ [2026-08-18T07:55:04.940Z] [INFO] [DB] getTable: read shifts table, returned 1 rows
[0m
[0m[2m[13:25:04][22m I | [1mReactNativeJS[22m ▶︎ [2026-08-18T07:55:04.977Z] [INFO] [DB] getTable: read attendance table, returned 7 rows
[0m
[0m[2m[13:25:05][22m I | [1mReactNativeJS[22m ▶︎ [2026-08-18T07:55:05.015Z] [INFO] [DB] getTable: read patrols table, returned 1 rows
[0m
[0m[2m[13:25:05][22m I | [1mReactNativeJS[22m ▶︎ [2026-08-18T07:55:05.038Z] [INFO] [DB] getTable: read leaves table, returned 0 rows
[0m
[0m[2m[13:25:05][22m I | [1mReactNativeJS[22m ▶︎ [2026-08-18T07:55:05.048Z] [INFO] [DB] getTable: read incidents table, returned 12 rows
[0m
[0m[2m[13:25:05][22m I | [1mReactNativeJS[22m ▶︎ [2026-08-18T07:55:05.069Z] [INFO] [DB] getTable: read messages table, returned 2 rows
[0m
[0m[2m[13:25:05][22m I | [1mReactNativeJS[22m ▶︎ [2026-08-18T07:55:05.082Z] [INFO] [DB] getTable: read notifications table, returned 5 rows
[0m
[0m[2m[13:25:05][22m I | [1mReactNativeJS[22m ▶︎ [2026-08-18T07:55:05.115Z] [INFO] [GuardStore] Hydration completed successfully for G-1001
[0m
[0m[2m[13:25:05][22m I | [1mReactNativeJS[22m ▶︎ [2026-08-18T07:55:05.412Z] [INFO] [AttendanceCard] Current Attendance Info - Status: Checked In, ClockIn: 1:25 PM, ClockOut: --:--
[0m
[0m[2m[13:25:05][22m I | [1mReactNativeJS[22m ▶︎ [2026-08-18T07:55:05.431Z] [INFO] [SelfieVerificationScreen] Attendance Info - Status: Checked In, ClockIn: 1:25 PM, ClockOut: --:--
[0m
[0m[2m[13:25:05][22m I | [1mReactNativeJS[22m ▶︎ [2026-08-18T07:55:05.434Z] [INFO] [useGuardStore] clockIn completed successfully for G-1001
[0m
[0m[2m[13:35:41][22m I | [1mReactNativeJS[22m ▶︎ Running "MyFirstApp" with {"rootTag":1,"initialProps":{},"fabric":true}
[0m
[0m[2m[13:35:42][22m I | [1mReactNative[22m ▶︎ [GESTURE HANDLER] Initialize gesture handler for root view com.facebook.react.runtime.ReactSurfaceView{fa3ed91 V.E...... ......ID 0,0-1080,2400 #1}
[0m
[36m[1minfo[22m[39m [0mStarting logkitty[0m
[0m[2m[13:36:00][22m I | [1mReactNativeJS[22m ▶︎ [2026-08-18T08:06:00.739Z] [INFO] [SelfieVerificationScreen] Attendance Info - Status: Checked In, ClockIn: 1:25 PM, ClockOut: --:--
[0m
[0m[2m[13:36:12][22m [33mW |[39m [1m[33mReactNativeJS[39m[22m [33m▶︎[39m [33mCannot connect to Metro.[39m
                             [33m│ [39m[33m[39m
                             [33m│ [39m[33mTry the following to fix the issue:[39m
                             [33m│ [39m[33m- Ensure that Metro is running and available on the same network[39m
                             [33m│ [39m[33m- Ensure that your device/emulator is connected to your machine and has USB debugging enabled - run 'adb devices' to see a list of connected devices[39m
                             [33m│ [39m[33m- If you're on a physical device connected to the same machine, run 'adb reverse tcp:8081 tcp:8081' to forward requests from your device[39m
                             [33m│ [39m[33m- If your device is on the same Wi-Fi network, set 'Debug server host & port for device' in 'Dev settings' to your machine's IP address and the port of the local dev server - e.g. 10.0.1.1:8081[39m
                             [33m│ [39m[33m[39m
                             [33m│ [39m[33mURL: 10.0.2.2:8081[39m
                             [33m│ [39m[33m[39m
                             [33m└ [39m[33mError: undefined[39m
[0m
[0m[2m[13:36:12][22m [33mW |[39m [1m[33mReactNativeJS[39m[22m [33m▶︎[39m [33m[2026-08-18T08:06:12.753Z] [WARN] [ConsoleWarn] Cannot connect to Metro.[39m
                             [33m│ [39m[33m[39m
                             [33m│ [39m[33mTry the following to fix the issue:[39m
                             [33m│ [39m[33m- Ensure that Metro is running and available on the same network[39m
                             [33m│ [39m[33m- Ensure that your device/emulator is connected to your machine and has USB debugging enabled - run 'adb devices' to see a list of connected devices[39m
                             [33m│ [39m[33m- If you're on a physical device connected to the same machine, run 'adb reverse tcp:8081 tcp:8081' to forward requests from your device[39m
                             [33m│ [39m[33m- If your device is on the same Wi-Fi network, set 'Debug server host & port for device' in 'Dev settings' to your machine's IP address and the port of the local dev server - e.g. 10.0.1.1:8081[39m
                             [33m│ [39m[33m[39m
                             [33m│ [39m[33mURL: 10.0.2.2:8081[39m
                             [33m│ [39m[33m[39m
                             [33m└ [39m[33mError: undefined[39m
[0m
[0m[2m[13:36:20][22m I | [1mReactNativeJS[22m ▶︎ [2026-08-18T08:06:20.585Z] [INFO] [SelfieVerificationScreen] Confirming Clock Out
[0m
[0m[2m[13:36:20][22m I | [1mReactNativeJS[22m ▶︎ [2026-08-18T08:06:20.610Z] [INFO] [DB] getTable: read attendance table, returned 7 rows
[0m
[0m[2m[13:36:20][22m I | [1mReactNativeJS[22m ▶︎ [2026-08-18T08:06:20.617Z] [INFO] [DB] updateRow: updating row id att-1787039704595 in table attendance with updates: {"clockOut":"2026-08-18T08:06:20.613Z","workingHours":"0.19 hrs"}
[0m
[0m[2m[13:36:20][22m I | [1mReactNativeJS[22m ▶︎ [2026-08-18T08:06:20.656Z] [INFO] [DB] getTable: read attendance table, returned 7 rows
[0m
[0m[2m[13:36:20][22m I | [1mReactNativeJS[22m ▶︎ [2026-08-18T08:06:20.760Z] [INFO] [DB] saveTable: saved 7 rows to attendance table
[0m
[0m[2m[13:36:20][22m I | [1mReactNativeJS[22m ▶︎ [2026-08-18T08:06:20.767Z] [INFO] [DB] insertRow: inserting into notifications with id notif-1787040380760 - {"id":"notif-1787040380760","userId":"G-1001","title":"Clocked Out Successfully","message":"You clocked out at 1:36 PM. Total: 0.19 hrs.","read":false,"createdAt":"2026-08-18T08:06:20.764Z"}
[0m
[0m[2m[13:36:20][22m I | [1mReactNativeJS[22m ▶︎ [2026-08-18T08:06:20.806Z] [INFO] [DB] getTable: read notifications table, returned 5 rows
[0m
[0m[2m[13:36:21][22m I | [1mReactNativeJS[22m ▶︎ [2026-08-18T08:06:21.049Z] [INFO] [DB] saveTable: saved 6 rows to notifications table
[0m
[0m[2m[13:36:21][22m I | [1mReactNativeJS[22m ▶︎ [2026-08-18T08:06:21.050Z] [INFO] [useGuardStore] clockOut update complete for record att-1787039704595
[0m
[0m[2m[13:36:21][22m I | [1mReactNativeJS[22m ▶︎ [2026-08-18T08:06:21.095Z] [INFO] [DB] getTable: read employees table, returned 4 rows
[0m
[0m[2m[13:36:21][22m I | [1mReactNativeJS[22m ▶︎ [2026-08-18T08:06:21.130Z] [INFO] [DB] getTable: read shifts table, returned 1 rows
[0m
[0m[2m[13:36:21][22m I | [1mReactNativeJS[22m ▶︎ [2026-08-18T08:06:21.143Z] [INFO] [DB] getTable: read attendance table, returned 7 rows
[0m
[0m[2m[13:36:21][22m I | [1mReactNativeJS[22m ▶︎ [2026-08-18T08:06:21.158Z] [INFO] [DB] getTable: read patrols table, returned 1 rows
[0m
[0m[2m[13:36:21][22m I | [1mReactNativeJS[22m ▶︎ [2026-08-18T08:06:21.176Z] [INFO] [DB] getTable: read leaves table, returned 0 rows
[0m
[0m[2m[13:36:21][22m I | [1mReactNativeJS[22m ▶︎ [2026-08-18T08:06:21.196Z] [INFO] [DB] getTable: read incidents table, returned 12 rows
[0m
[0m[2m[13:36:21][22m I | [1mReactNativeJS[22m ▶︎ [2026-08-18T08:06:21.215Z] [INFO] [DB] getTable: read messages table, returned 2 rows
[0m
[0m[2m[13:36:21][22m I | [1mReactNativeJS[22m ▶︎ [2026-08-18T08:06:21.229Z] [INFO] [DB] getTable: read notifications table, returned 6 rows
[0m
[0m[2m[13:36:21][22m I | [1mReactNativeJS[22m ▶︎ [2026-08-18T08:06:21.254Z] [INFO] [GuardStore] Hydration completed successfully for G-1001
[0m
[0m[2m[13:36:21][22m I | [1mReactNativeJS[22m ▶︎ [2026-08-18T08:06:21.532Z] [INFO] [AttendanceCard] Current Attendance Info - Status: Checked Out, ClockIn: 1:14 PM, ClockOut: 1:20 PM
[0m
[0m[2m[13:36:21][22m I | [1mReactNativeJS[22m ▶︎ [2026-08-18T08:06:21.549Z] [INFO] [SelfieVerificationScreen] Attendance Info - Status: Checked Out, ClockIn: 1:14 PM, ClockOut: 1:20 PM
[0m
[0m[2m[13:36:21][22m I | [1mReactNativeJS[22m ▶︎ [2026-08-18T08:06:21.554Z] [INFO] [useGuardStore] clockOut completed successfully for G-1001
[0m
[0m[2m[13:47:07][22m I | [1mReactNativeJS[22m ▶︎ [2026-08-18T08:17:07.345Z] [INFO] [DB] getTable: read employees table, returned 4 rows
[0m
[0m[2m[13:47:08][22m I | [1mReactNativeJS[22m ▶︎ [2026-08-18T08:17:08.948Z] [INFO] [AttendanceCard] Current Attendance Info - Status: Checked Out, ClockIn: 1:14 PM, ClockOut: 1:20 PM
[0m
[0m[2m[13:47:10][22m I | [1mReactNativeJS[22m ▶︎ [2026-08-18T08:17:10.047Z] [INFO] [DB] getTable: read employees table, returned 4 rows
[0m
[0m[2m[13:47:10][22m I | [1mReactNativeJS[22m ▶︎ [2026-08-18T08:17:10.128Z] [INFO] [DB] getTable: read shifts table, returned 1 rows
[0m
[0m[2m[13:47:10][22m I | [1mReactNativeJS[22m ▶︎ [2026-08-18T08:17:10.199Z] [INFO] [DB] getTable: read attendance table, returned 7 rows
[0m
[0m[2m[13:47:10][22m I | [1mReactNativeJS[22m ▶︎ [2026-08-18T08:17:10.250Z] [INFO] [DB] getTable: read patrols table, returned 1 rows
[0m
[0m[2m[13:47:10][22m I | [1mReactNativeJS[22m ▶︎ [2026-08-18T08:17:10.266Z] [INFO] [DB] getTable: read leaves table, returned 0 rows
[0m
[0m[2m[13:47:10][22m I | [1mReactNativeJS[22m ▶︎ [2026-08-18T08:17:10.282Z] [INFO] [DB] getTable: read incidents table, returned 12 rows
[0m
[0m[2m[13:47:10][22m I | [1mReactNativeJS[22m ▶︎ [2026-08-18T08:17:10.370Z] [INFO] [DB] getTable: read messages table, returned 2 rows
[0m
[0m[2m[13:47:10][22m I | [1mReactNativeJS[22m ▶︎ [2026-08-18T08:17:10.547Z] [INFO] [DB] getTable: read notifications table, returned 6 rows
[0m
[0m[2m[13:47:10][22m I | [1mReactNativeJS[22m ▶︎ [2026-08-18T08:17:10.666Z] [INFO] [GuardStore] Hydration completed successfully for G-1001
[0m
[0m[2m[13:47:31][22m I | [1mReactNativeJS[22m ▶︎ [2026-08-18T08:17:31.649Z] [INFO] [SelfieVerificationScreen] Attendance Info - Status: Checked Out, ClockIn: 1:14 PM, ClockOut: 1:20 PM
[0m
[0m[2m[13:47:45][22m I | [1mReactNativeJS[22m ▶︎ [2026-08-18T08:17:45.468Z] [INFO] [SelfieVerificationScreen] Confirming Clock In
[0m
[0m[2m[13:47:45][22m I | [1mReactNativeJS[22m ▶︎ [2026-08-18T08:17:45.484Z] [INFO] [DB] insertRow: inserting into attendance with id att-1787041065483 - {"id":"att-1787041065483","employeeId":"G-1001","employeeName":"John Smith","employeeEmail":"john@priority-one.io","badge":"GRD-001","role":"guard","date":"2026-08-18","shift":"Morning Shift 08:00 AM - 04:00 PM","clockIn":"2026-08-18T08:17:45.483Z","clockOut":null,"status":"present","siteId":"s-01","siteName":"Ahmedabad Plant","companyId":"c-1"}
[0m
[0m[2m[13:47:45][22m I | [1mReactNativeJS[22m ▶︎ [2026-08-18T08:17:45.531Z] [INFO] [DB] getTable: read attendance table, returned 7 rows
[0m
[0m[2m[13:47:45][22m I | [1mReactNativeJS[22m ▶︎ [2026-08-18T08:17:45.597Z] [INFO] [DB] saveTable: saved 8 rows to attendance table
                             [2m└ [22m[2026-08-18T08:17:45.600Z] [INFO] [DB] insertRow: inserting into notifications with id notif-1787041065599 - {"id":"notif-1787041065599","userId":"G-1001","title":"Clocked In Successfully","message":"You clocked in at 1:47 PM at Ahmedabad Plant.","read":false,"createdAt":"2026-08-18T08:17:45.600Z"}
[0m
[0m[2m[13:47:45][22m I | [1mReactNativeJS[22m ▶︎ [2026-08-18T08:17:45.664Z] [INFO] [DB] getTable: read notifications table, returned 6 rows
[0m
[0m[2m[13:47:45][22m I | [1mReactNativeJS[22m ▶︎ [2026-08-18T08:17:45.769Z] [INFO] [DB] saveTable: saved 7 rows to notifications table
[0m
[0m[2m[13:47:45][22m I | [1mReactNativeJS[22m ▶︎ [2026-08-18T08:17:45.840Z] [INFO] [DB] getTable: read employees table, returned 4 rows
[0m
[0m[2m[13:47:45][22m I | [1mReactNativeJS[22m ▶︎ [2026-08-18T08:17:45.915Z] [INFO] [DB] getTable: read shifts table, returned 1 rows
[0m
[0m[2m[13:47:45][22m I | [1mReactNativeJS[22m ▶︎ [2026-08-18T08:17:45.955Z] [INFO] [DB] getTable: read attendance table, returned 8 rows
[0m
[0m[2m[13:47:45][22m I | [1mReactNativeJS[22m ▶︎ [2026-08-18T08:17:45.980Z] [INFO] [DB] getTable: read patrols table, returned 1 rows
[0m
[0m[2m[13:47:46][22m I | [1mReactNativeJS[22m ▶︎ [2026-08-18T08:17:46.006Z] [INFO] [DB] getTable: read leaves table, returned 0 rows
[0m
[0m[2m[13:47:46][22m I | [1mReactNativeJS[22m ▶︎ [2026-08-18T08:17:46.017Z] [INFO] [DB] getTable: read incidents table, returned 12 rows
[0m
[0m[2m[13:47:46][22m I | [1mReactNativeJS[22m ▶︎ [2026-08-18T08:17:46.035Z] [INFO] [DB] getTable: read messages table, returned 2 rows
[0m
[0m[2m[13:47:46][22m I | [1mReactNativeJS[22m ▶︎ [2026-08-18T08:17:46.054Z] [INFO] [DB] getTable: read notifications table, returned 7 rows
[0m
[0m[2m[13:47:46][22m I | [1mReactNativeJS[22m ▶︎ [2026-08-18T08:17:46.101Z] [INFO] [GuardStore] Hydration completed successfully for G-1001
[0m
[0m[2m[13:47:46][22m I | [1mReactNativeJS[22m ▶︎ [2026-08-18T08:17:46.489Z] [INFO] [AttendanceCard] Current Attendance Info - Status: Checked In, ClockIn: 1:47 PM, ClockOut: --:--
[0m
[0m[2m[13:47:46][22m I | [1mReactNativeJS[22m ▶︎ [2026-08-18T08:17:46.515Z] [INFO] [SelfieVerificationScreen] Attendance Info - Status: Checked In, ClockIn: 1:47 PM, ClockOut: --:--
[0m
[0m[2m[13:47:46][22m I | [1mReactNativeJS[22m ▶︎ [2026-08-18T08:17:46.519Z] [INFO] [useGuardStore] clockIn completed successfully for G-1001
[0m
[0m[2m[13:50:05][22m I | [1mReactNativeJS[22m ▶︎ Running "MyFirstApp" with {"rootTag":1,"initialProps":{},"fabric":true}
[0m
[0m[2m[13:50:07][22m I | [1mReactNative[22m ▶︎ [GESTURE HANDLER] Initialize gesture handler for root view com.facebook.react.runtime.ReactSurfaceView{fa3ed91 V.E...... ......ID 0,0-1080,2400 #1}
[0m
[0m[2m[13:50:08][22m I | [1mReactNativeJS[22m ▶︎ [2026-08-18T08:20:08.832Z] [INFO] [DB] getTable: read shifts table, returned 1 rows
[0m
[0m[2m[13:50:09][22m I | [1mReactNativeJS[22m ▶︎ [2026-08-18T08:20:09.188Z] [INFO] [DB] getTable: read leaves table, returned 0 rows
[0m
[0m[2m[13:50:09][22m I | [1mReactNativeJS[22m ▶︎ [2026-08-18T08:20:09.440Z] [INFO] [DB] getTable: read notifications table, returned 7 rows
[0m
[0m[2m[13:50:10][22m I | [1mReactNativeJS[22m ▶︎ [2026-08-18T08:20:10.174Z] [INFO] [GuardStore] Hydration completed successfully for G-1001
[0m
[0m[2m[13:50:14][22m I | [1mReactNativeJS[22m ▶︎ [2026-08-18T08:20:14.741Z] [INFO] [AttendanceCard] Current Attendance Info - Status: Checked In, ClockIn: 1:47 PM, ClockOut: --:--
[0m
[0m[2m[14:02:07][22m I | [1mReactNativeJS[22m ▶︎ [2026-08-18T08:32:07.219Z] [INFO] [ClockInOutActionCard] Clock Out tapped
[0m
[0m[2m[14:02:07][22m I | [1mReactNativeJS[22m ▶︎ [2026-08-18T08:32:07.752Z] [INFO] [SelfieVerificationScreen] Attendance Info - Status: Checked In, ClockIn: 1:47 PM, ClockOut: --:--
[0m
[0m[2m[14:02:18][22m [33mW |[39m [1m[33mReactNativeJS[39m[22m [33m▶︎[39m [33mCannot connect to Metro.[39m
                             [33m│ [39m[33m[39m
                             [33m│ [39m[33mTry the following to fix the issue:[39m
                             [33m│ [39m[33m- Ensure that Metro is running and available on the same network[39m
                             [33m│ [39m[33m- Ensure that your device/emulator is connected to your machine and has USB debugging enabled - run 'adb devices' to see a list of connected devices[39m
                             [33m│ [39m[33m- If you're on a physical device connected to the same machine, run 'adb reverse tcp:8081 tcp:8081' to forward requests from your device[39m
                             [33m│ [39m[33m- If your device is on the same Wi-Fi network, set 'Debug server host & port for device' in 'Dev settings' to your machine's IP address and the port of the local dev server - e.g. 10.0.1.1:8081[39m
                             [33m│ [39m[33m[39m
                             [33m│ [39m[33mURL: 10.0.2.2:8081[39m
                             [33m│ [39m[33m[39m
                             [33m└ [39m[33mError: undefined[39m
[0m
[0m[2m[14:02:18][22m [33mW |[39m [1m[33mReactNativeJS[39m[22m [33m▶︎[39m [33m[2026-08-18T08:32:18.166Z] [WARN] [ConsoleWarn] Cannot connect to Metro.[39m
                             [33m│ [39m[33m[39m
                             [33m│ [39m[33mTry the following to fix the issue:[39m
                             [33m│ [39m[33m- Ensure that Metro is running and available on the same network[39m
                             [33m│ [39m[33m- Ensure that your device/emulator is connected to your machine and has USB debugging enabled - run 'adb devices' to see a list of connected devices[39m
                             [33m│ [39m[33m- If you're on a physical device connected to the same machine, run 'adb reverse tcp:8081 tcp:8081' to forward requests from your device[39m
                             [33m│ [39m[33m- If your device is on the same Wi-Fi network, set 'Debug server host & port for device' in 'Dev settings' to your machine's IP address and the port of the local dev server - e.g. 10.0.1.1:8081[39m
                             [33m│ [39m[33m[39m
                             [33m│ [39m[33mURL: 10.0.2.2:8081[39m
                             [33m│ [39m[33m[39m
                             [33m└ [39m[33mError: undefined[39m
[0m
[0m[2m[14:02:25][22m I | [1mReactNativeJS[22m ▶︎ [2026-08-18T08:32:25.634Z] [INFO] [SelfieVerificationScreen] Confirming Clock Out
[0m
[0m[2m[14:02:25][22m I | [1mReactNativeJS[22m ▶︎ [2026-08-18T08:32:25.658Z] [INFO] [DB] getTable: read attendance table, returned 8 rows
[0m
[0m[2m[14:02:25][22m I | [1mReactNativeJS[22m ▶︎ [2026-08-18T08:32:25.663Z] [INFO] [DB] updateRow: updating row id att-1787041065483 in table attendance with updates: {"clockOut":"2026-08-18T08:32:25.659Z","workingHours":"0.24 hrs"}
[0m
[0m[2m[14:02:25][22m I | [1mReactNativeJS[22m ▶︎ [2026-08-18T08:32:25.700Z] [INFO] [DB] getTable: read attendance table, returned 8 rows
[0m
[0m[2m[14:02:25][22m I | [1mReactNativeJS[22m ▶︎ [2026-08-18T08:32:25.834Z] [INFO] [DB] getTable: read notifications table, returned 7 rows
[0m
[0m[2m[14:02:26][22m I | [1mReactNativeJS[22m ▶︎ [2026-08-18T08:32:26.004Z] [INFO] [DB] saveTable: saved 8 rows to notifications table
                             [2m│ [22m[2026-08-18T08:32:26.006Z] [INFO] [useGuardStore] clockOut update complete for record att-1787041065483
                             [2m└ [22m[2026-08-18T08:32:26.039Z] [INFO] [DB] getTable: read employees table, returned 4 rows
[0m
[0m[2m[14:02:26][22m I | [1mReactNativeJS[22m ▶︎ [2026-08-18T08:32:26.064Z] [INFO] [DB] getTable: read shifts table, returned 1 rows
[0m
[0m[2m[14:02:26][22m I | [1mReactNativeJS[22m ▶︎ [2026-08-18T08:32:26.126Z] [INFO] [DB] getTable: read attendance table, returned 8 rows
[0m
[0m[2m[14:02:26][22m I | [1mReactNativeJS[22m ▶︎ [2026-08-18T08:32:26.161Z] [INFO] [DB] getTable: read patrols table, returned 1 rows
[0m
[0m[2m[14:02:26][22m I | [1mReactNativeJS[22m ▶︎ [2026-08-18T08:32:26.180Z] [INFO] [DB] getTable: read leaves table, returned 0 rows
[0m
[0m[2m[14:02:26][22m I | [1mReactNativeJS[22m ▶︎ [2026-08-18T08:32:26.206Z] [INFO] [DB] getTable: read incidents table, returned 12 rows
[0m
[0m[2m[14:02:26][22m I | [1mReactNativeJS[22m ▶︎ [2026-08-18T08:32:26.223Z] [INFO] [DB] getTable: read messages table, returned 2 rows
[0m
[0m[2m[14:02:26][22m I | [1mReactNativeJS[22m ▶︎ [2026-08-18T08:32:26.248Z] [INFO] [DB] getTable: read notifications table, returned 8 rows
[0m
[0m[2m[14:02:26][22m I | [1mReactNativeJS[22m ▶︎ [2026-08-18T08:32:26.290Z] [INFO] [GuardStore] Hydration completed successfully for G-1001
[0m
[0m[2m[14:02:26][22m I | [1mReactNativeJS[22m ▶︎ [2026-08-18T08:32:26.699Z] [INFO] [AttendanceCard] Current Attendance Info - Status: Checked Out, ClockIn: 1:14 PM, ClockOut: 1:20 PM
[0m
[0m[2m[14:02:26][22m I | [1mReactNativeJS[22m ▶︎ [2026-08-18T08:32:26.723Z] [INFO] [SelfieVerificationScreen] Attendance Info - Status: Checked Out, ClockIn: 1:14 PM, ClockOut: 1:20 PM
[0m
[0m[2m[14:02:26][22m I | [1mReactNativeJS[22m ▶︎ [2026-08-18T08:32:26.728Z] [INFO] [useGuardStore] clockOut completed successfully for G-1001
[0m
[0m[2m[14:04:12][22m I | [1mReactNativeJS[22m ▶︎ Running "MyFirstApp" with {"rootTag":1,"initialProps":{},"fabric":true}
[0m
[0m[2m[14:04:14][22m I | [1mReactNative[22m ▶︎ [GESTURE HANDLER] Initialize gesture handler for root view com.facebook.react.runtime.ReactSurfaceView{f017bb8 V.E...... ......ID 0,0-1080,2400 #1}
[0m
[0m[2m[14:04:16][22m I | [1mReactNativeJS[22m ▶︎ [2026-08-18T08:34:16.287Z] [INFO] [DB] getTable: read employees table, returned 4 rows
[0m
[0m[2m[14:04:16][22m I | [1mReactNativeJS[22m ▶︎ [2026-08-18T08:34:16.486Z] [INFO] [DB] getTable: read employees table, returned 4 rows
[0m
[0m[2m[14:04:16][22m I | [1mReactNativeJS[22m ▶︎ [2026-08-18T08:34:16.578Z] [INFO] [DB] getTable: read shifts table, returned 1 rows
[0m
[0m[2m[14:04:16][22m I | [1mReactNativeJS[22m ▶︎ [2026-08-18T08:34:16.771Z] [INFO] [DB] getTable: read attendance table, returned 8 rows
[0m
[0m[2m[14:04:17][22m I | [1mReactNativeJS[22m ▶︎ [2026-08-18T08:34:17.146Z] [INFO] [DB] getTable: read notifications table, returned 8 rows
[0m
[0m[2m[14:04:17][22m I | [1mReactNativeJS[22m ▶︎ [2026-08-18T08:34:17.949Z] [INFO] [GuardStore] Hydration completed successfully for G-1001
[0m
[0m[2m[14:04:23][22m I | [1mReactNativeJS[22m ▶︎ [2026-08-18T08:34:23.255Z] [INFO] [AttendanceCard] Current Attendance Info - Status: Checked Out, ClockIn: 1:14 PM, ClockOut: 1:20 PM
[0m
[0m[2m[14:35:59][22m I | [1mReactNativeJS[22m ▶︎ [2026-08-18T09:05:59.258Z] [INFO] [ClockInOutActionCard] Clock In tapped
[0m
[0m[2m[14:35:59][22m I | [1mReactNativeJS[22m ▶︎ [2026-08-18T09:05:59.762Z] [INFO] [SelfieVerificationScreen] Attendance Info - Status: Checked Out, ClockIn: 1:14 PM, ClockOut: 1:20 PM
[0m
[0m[2m[14:36:08][22m [33mW |[39m [1m[33mReactNativeJS[39m[22m [33m▶︎[39m [33mCannot connect to Metro.[39m
                             [33m│ [39m[33m[39m
                             [33m│ [39m[33mTry the following to fix the issue:[39m
                             [33m│ [39m[33m- Ensure that Metro is running and available on the same network[39m
                             [33m│ [39m[33m- Ensure that your device/emulator is connected to your machine and has USB debugging enabled - run 'adb devices' to see a list of connected devices[39m
                             [33m│ [39m[33m- If you're on a physical device connected to the same machine, run 'adb reverse tcp:8081 tcp:8081' to forward requests from your device[39m
                             [33m│ [39m[33m- If your device is on the same Wi-Fi network, set 'Debug server host & port for device' in 'Dev settings' to your machine's IP address and the port of the local dev server - e.g. 10.0.1.1:8081[39m
                             [33m│ [39m[33m[39m
                             [33m│ [39m[33mURL: 10.0.2.2:8081[39m
                             [33m│ [39m[33m[39m
                             [33m└ [39m[33mError: undefined[39m
[0m
[0m[2m[14:36:09][22m [33mW |[39m [1m[33mReactNativeJS[39m[22m [33m▶︎[39m [33m[2026-08-18T09:06:09.017Z] [WARN] [ConsoleWarn] Cannot connect to Metro.[39m
                             [33m│ [39m[33m[39m
                             [33m│ [39m[33mTry the following to fix the issue:[39m
                             [33m│ [39m[33m- Ensure that Metro is running and available on the same network[39m
                             [33m│ [39m[33m- Ensure that your device/emulator is connected to your machine and has USB debugging enabled - run 'adb devices' to see a list of connected devices[39m
                             [33m│ [39m[33m- If you're on a physical device connected to the same machine, run 'adb reverse tcp:8081 tcp:8081' to forward requests from your device[39m
                             [33m│ [39m[33m- If your device is on the same Wi-Fi network, set 'Debug server host & port for device' in 'Dev settings' to your machine's IP address and the port of the local dev server - e.g. 10.0.1.1:8081[39m
                             [33m│ [39m[33m[39m
                             [33m│ [39m[33mURL: 10.0.2.2:8081[39m
                             [33m│ [39m[33m[39m
                             [33m└ [39m[33mError: undefined[39m
[0m
[0m[2m[14:36:13][22m I | [1mReactNativeJS[22m ▶︎ [2026-08-18T09:06:13.628Z] [INFO] [SelfieVerificationScreen] Confirming Clock In
[0m
[0m[2m[14:36:13][22m I | [1mReactNativeJS[22m ▶︎ [2026-08-18T09:06:13.664Z] [INFO] [DB] insertRow: inserting into attendance with id att-1787043973660 - {"id":"att-1787043973660","employeeId":"G-1001","employeeName":"John Smith","employeeEmail":"john@priority-one.io","badge":"GRD-001","role":"guard","date":"2026-08-18","shift":"Morning Shift 08:00 AM - 04:00 PM","clockIn":"2026-08-18T09:06:13.660Z","clockOut":null,"status":"present","siteId":"s-01","siteName":"Ahmedabad Plant","companyId":"c-1"}
[0m
[0m[2m[14:36:13][22m I | [1mReactNativeJS[22m ▶︎ [2026-08-18T09:06:13.701Z] [INFO] [DB] getTable: read attendance table, returned 8 rows
[0m
[0m[2m[14:36:13][22m I | [1mReactNativeJS[22m ▶︎ [2026-08-18T09:06:13.728Z] [INFO] [DB] saveTable: saved 9 rows to attendance table
[0m
[0m[2m[14:36:13][22m I | [1mReactNativeJS[22m ▶︎ [2026-08-18T09:06:13.740Z] [INFO] [DB] insertRow: inserting into notifications with id notif-1787043973738 - {"id":"notif-1787043973738","userId":"G-1001","title":"Clocked In Successfully","message":"You clocked in at 2:36 PM at Ahmedabad Plant.","read":false,"createdAt":"2026-08-18T09:06:13.740Z"}
[0m
[0m[2m[14:36:13][22m I | [1mReactNativeJS[22m ▶︎ [2026-08-18T09:06:13.774Z] [INFO] [DB] getTable: read notifications table, returned 8 rows
[0m
[0m[2m[14:36:13][22m I | [1mReactNativeJS[22m ▶︎ [2026-08-18T09:06:13.807Z] [INFO] [DB] saveTable: saved 9 rows to notifications table
[0m
[0m[2m[14:36:13][22m I | [1mReactNativeJS[22m ▶︎ [2026-08-18T09:06:13.837Z] [INFO] [DB] getTable: read employees table, returned 4 rows
[0m
[0m[2m[14:36:14][22m I | [1mReactNativeJS[22m ▶︎ [2026-08-18T09:06:14.022Z] [INFO] [DB] getTable: read leaves table, returned 0 rows
[0m
[0m[2m[14:36:14][22m I | [1mReactNativeJS[22m ▶︎ [2026-08-18T09:06:14.046Z] [INFO] [DB] getTable: read incidents table, returned 12 rows
[0m
[0m[2m[14:36:14][22m I | [1mReactNativeJS[22m ▶︎ [2026-08-18T09:06:14.066Z] [INFO] [DB] getTable: read messages table, returned 2 rows
[0m
[0m[2m[14:36:14][22m I | [1mReactNativeJS[22m ▶︎ [2026-08-18T09:06:14.081Z] [INFO] [DB] getTable: read notifications table, returned 9 rows
[0m
[0m[2m[14:36:14][22m I | [1mReactNativeJS[22m ▶︎ [2026-08-18T09:06:14.107Z] [INFO] [GuardStore] Hydration completed successfully for G-1001
[0m
[0m[2m[14:36:14][22m I | [1mReactNativeJS[22m ▶︎ [2026-08-18T09:06:14.485Z] [INFO] [AttendanceCard] Current Attendance Info - Status: Checked In, ClockIn: 2:36 PM, ClockOut: --:--
[0m
[0m[2m[14:36:14][22m I | [1mReactNativeJS[22m ▶︎ [2026-08-18T09:06:14.508Z] [INFO] [SelfieVerificationScreen] Attendance Info - Status: Checked In, ClockIn: 2:36 PM, ClockOut: --:--
[0m
[0m[2m[14:36:14][22m I | [1mReactNativeJS[22m ▶︎ [2026-08-18T09:06:14.513Z] [INFO] [useGuardStore] clockIn completed successfully for G-1001
[0m
[0m[2m[14:40:08][22m I | [1mReactNativeJS[22m ▶︎ [2026-08-18T09:10:08.984Z] [INFO] [DB] insertRow: inserting into leaves with id lv-1787044208983 - {"id":"lv-1787044208983","employeeId":"G-1001","employeeName":"John Smith","employeeEmail":"john@priority-one.io","role":"guard","type":"Sick Leave","startDate":"2026-08-09","endDate":"2026-08-10","days":2,"reason":"busy","status":"pending","appliedOn":"2026-08-18","companyId":"c-1"}
[0m
[0m[2m[14:40:09][22m I | [1mReactNativeJS[22m ▶︎ [2026-08-18T09:10:09.285Z] [INFO] [DB] getTable: read leaves table, returned 0 rows
[0m
[0m[2m[14:40:09][22m I | [1mReactNativeJS[22m ▶︎ [2026-08-18T09:10:09.532Z] [INFO] [DB] saveTable: saved 1 rows to leaves table
[0m
[0m[2m[14:40:09][22m I | [1mReactNativeJS[22m ▶︎ [2026-08-18T09:10:09.553Z] [INFO] [DB] insertRow: inserting into notifications with id notif-1787044209553 - {"id":"notif-1787044209553","userId":"G-1001","title":"Leave Request Submitted","message":"Your Sick Leave request for 2 day(s) is pending approval.","read":false,"createdAt":"2026-08-18T09:10:09.553Z"}
[0m
[0m[2m[14:40:09][22m I | [1mReactNativeJS[22m ▶︎ [2026-08-18T09:10:09.568Z] [INFO] [DB] getTable: read notifications table, returned 9 rows
[0m
[0m[2m[14:40:09][22m I | [1mReactNativeJS[22m ▶︎ [2026-08-18T09:10:09.587Z] [INFO] [DB] saveTable: saved 10 rows to notifications table
[0m
[0m[2m[14:40:09][22m I | [1mReactNativeJS[22m ▶︎ [2026-08-18T09:10:09.599Z] [INFO] [DB] getTable: read employees table, returned 4 rows
[0m
[0m[2m[14:40:09][22m I | [1mReactNativeJS[22m ▶︎ [2026-08-18T09:10:09.626Z] [INFO] [DB] getTable: read shifts table, returned 1 rows
[0m
[0m[2m[14:40:09][22m I | [1mReactNativeJS[22m ▶︎ [2026-08-18T09:10:09.642Z] [INFO] [DB] getTable: read attendance table, returned 9 rows
[0m
[0m[2m[14:40:09][22m I | [1mReactNativeJS[22m ▶︎ [2026-08-18T09:10:09.664Z] [INFO] [DB] getTable: read patrols table, returned 1 rows
[0m
[0m[2m[14:40:09][22m I | [1mReactNativeJS[22m ▶︎ [2026-08-18T09:10:09.681Z] [INFO] [DB] getTable: read leaves table, returned 1 rows
[0m
[0m[2m[14:40:09][22m I | [1mReactNativeJS[22m ▶︎ [2026-08-18T09:10:09.713Z] [INFO] [DB] getTable: read incidents table, returned 12 rows
[0m
[0m[2m[14:40:09][22m I | [1mReactNativeJS[22m ▶︎ [2026-08-18T09:10:09.731Z] [INFO] [DB] getTable: read messages table, returned 2 rows
[0m
[0m[2m[14:40:09][22m I | [1mReactNativeJS[22m ▶︎ [2026-08-18T09:10:09.751Z] [INFO] [DB] getTable: read notifications table, returned 10 rows
[0m
[0m[2m[14:40:09][22m I | [1mReactNativeJS[22m ▶︎ [2026-08-18T09:10:09.780Z] [INFO] [GuardStore] Hydration completed successfully for G-1001
[0m
[0m[2m[14:50:19][22m I | [1mReactNative[22m ▶︎ [GESTURE HANDLER] Tearing down gesture handler registered for root view com.facebook.react.runtime.ReactSurfaceView{f017bb8 V.E...... ........ 0,0-1080,2400 #1}
[0m
[0m[2m[14:50:25][22m I | [1mReactNativeJS[22m ▶︎ Running "MyFirstApp" with {"rootTag":1,"initialProps":{},"fabric":true}
[0m
[0m[2m[14:50:26][22m I | [1mReactNative[22m ▶︎ [GESTURE HANDLER] Initialize gesture handler for root view com.facebook.react.runtime.ReactSurfaceView{f017bb8 V.E...... ......ID 0,0-1080,2400 #1}
[0m
[0m[2m[14:50:27][22m I | [1mReactNativeJS[22m ▶︎ [2026-08-18T09:20:27.182Z] [INFO] [DB] getTable: read employees table, returned 4 rows
[0m
[0m[2m[14:50:27][22m I | [1mReactNativeJS[22m ▶︎ [2026-08-18T09:20:27.261Z] [INFO] [DB] getTable: read employees table, returned 4 rows
[0m
[0m[2m[14:50:27][22m I | [1mReactNativeJS[22m ▶︎ [2026-08-18T09:20:27.323Z] [INFO] [DB] getTable: read shifts table, returned 1 rows
[0m
[0m[2m[14:50:27][22m I | [1mReactNativeJS[22m ▶︎ [2026-08-18T09:20:27.522Z] [INFO] [DB] getTable: read leaves table, returned 1 rows
[0m
[0m[2m[14:50:27][22m I | [1mReactNativeJS[22m ▶︎ [2026-08-18T09:20:27.605Z] [INFO] [DB] getTable: read incidents table, returned 12 rows
                             [2m└ [22m[2026-08-18T09:20:27.636Z] [INFO] [DB] getTable: read messages table, returned 2 rows
[0m
[0m[2m[14:50:27][22m I | [1mReactNativeJS[22m ▶︎ [2026-08-18T09:20:27.864Z] [INFO] [GuardStore] Hydration completed successfully for G-1001
[0m
[0m[2m[14:50:31][22m I | [1mReactNativeJS[22m ▶︎ [2026-08-18T09:20:31.904Z] [INFO] [AttendanceCard] Current Attendance Info - Status: Checked In, ClockIn: 2:36 PM, ClockOut: --:--
[0m
[0m[2m[14:51:26][22m [33mW |[39m [1m[33mReactNativeJS[39m[22m [33m▶︎[39m [33mCannot connect to Metro.[39m
                             [33m│ [39m[33m[39m
                             [33m│ [39m[33mTry the following to fix the issue:[39m
                             [33m│ [39m[33m- Ensure that Metro is running and available on the same network[39m
                             [33m│ [39m[33m- Ensure that your device/emulator is connected to your machine and has USB debugging enabled - run 'adb devices' to see a list of connected devices[39m
                             [33m│ [39m[33m- If you're on a physical device connected to the same machine, run 'adb reverse tcp:8081 tcp:8081' to forward requests from your device[39m
                             [33m│ [39m[33m- If your device is on the same Wi-Fi network, set 'Debug server host & port for device' in 'Dev settings' to your machine's IP address and the port of the local dev server - e.g. 10.0.1.1:8081[39m
                             [33m│ [39m[33m[39m
                             [33m│ [39m[33mURL: 10.0.2.2:8081[39m
                             [33m│ [39m[33m[39m
                             [33m└ [39m[33mError: undefined[39m
[0m
[0m[2m[14:51:26][22m [33mW |[39m [1m[33mReactNativeJS[39m[22m [33m▶︎[39m [33m[2026-08-18T09:21:26.211Z] [WARN] [ConsoleWarn] Cannot connect to Metro.[39m
                             [33m│ [39m[33m[39m
                             [33m│ [39m[33mTry the following to fix the issue:[39m
                             [33m│ [39m[33m- Ensure that Metro is running and available on the same network[39m
                             [33m│ [39m[33m- Ensure that your device/emulator is connected to your machine and has USB debugging enabled - run 'adb devices' to see a list of connected devices[39m
                             [33m│ [39m[33m- If you're on a physical device connected to the same machine, run 'adb reverse tcp:8081 tcp:8081' to forward requests from your device[39m
                             [33m│ [39m[33m- If your device is on the same Wi-Fi network, set 'Debug server host & port for device' in 'Dev settings' to your machine's IP address and the port of the local dev server - e.g. 10.0.1.1:8081[39m
                             [33m│ [39m[33m[39m
                             [33m│ [39m[33mURL: 10.0.2.2:8081[39m
                             [33m│ [39m[33m[39m
                             [33m└ [39m[33mError: undefined[39m
[0m
[0m[2m[14:53:04][22m I | [1mReactNativeJS[22m ▶︎ Running "MyFirstApp" with {"rootTag":1,"initialProps":{},"fabric":true}
[0m
[0m[2m[14:53:06][22m I | [1mReactNative[22m ▶︎ [GESTURE HANDLER] Initialize gesture handler for root view com.facebook.react.runtime.ReactSurfaceView{a5484f6 V.E...... ......ID 0,0-1080,2400 #1}
[0m
[0m[2m[14:53:08][22m I | [1mReactNativeJS[22m ▶︎ [2026-08-18T09:23:08.453Z] [INFO] [DB] getTable: read employees table, returned 4 rows
[0m
[0m[2m[14:53:08][22m I | [1mReactNativeJS[22m ▶︎ [2026-08-18T09:23:08.647Z] [INFO] [DB] getTable: read employees table, returned 4 rows
[0m
[0m[2m[14:53:08][22m I | [1mReactNativeJS[22m ▶︎ [2026-08-18T09:23:08.733Z] [INFO] [DB] getTable: read shifts table, returned 1 rows
[0m
[0m[2m[14:53:08][22m I | [1mReactNativeJS[22m ▶︎ [2026-08-18T09:23:08.939Z] [INFO] [DB] getTable: read attendance table, returned 9 rows
[0m
[0m[2m[14:53:09][22m I | [1mReactNativeJS[22m ▶︎ [2026-08-18T09:23:09.135Z] [INFO] [DB] getTable: read patrols table, returned 1 rows
[0m
[0m[2m[14:53:09][22m I | [1mReactNativeJS[22m ▶︎ [2026-08-18T09:23:09.269Z] [INFO] [DB] getTable: read leaves table, returned 1 rows
[0m
[0m[2m[14:53:09][22m I | [1mReactNativeJS[22m ▶︎ [2026-08-18T09:23:09.380Z] [INFO] [DB] getTable: read incidents table, returned 12 rows
[0m
[0m[2m[14:53:09][22m I | [1mReactNativeJS[22m ▶︎ [2026-08-18T09:23:09.502Z] [INFO] [DB] getTable: read messages table, returned 2 rows
[0m
[0m[2m[14:53:09][22m I | [1mReactNativeJS[22m ▶︎ [2026-08-18T09:23:09.611Z] [INFO] [DB] getTable: read notifications table, returned 10 rows
[0m
[0m[2m[14:53:10][22m I | [1mReactNativeJS[22m ▶︎ [2026-08-18T09:23:10.516Z] [INFO] [GuardStore] Hydration completed successfully for G-1001
[0m
[0m[2m[14:53:14][22m I | [1mReactNativeJS[22m ▶︎ [2026-08-18T09:23:14.882Z] [INFO] [AttendanceCard] Current Attendance Info - Status: Checked In, ClockIn: 2:36 PM, ClockOut: --:--
[0m
[0m[2m[14:53:48][22m I | [1mReactNativeJS[22m ▶︎ [2026-08-18T09:23:48.102Z] [INFO] [DB] getTable: read employees table, returned 4 rows
[0m
[0m[2m[14:54:57][22m I | [1mReactNativeJS[22m ▶︎ [2026-08-18T09:24:57.221Z] [INFO] [DB] updateRow: updating row id patrol-today in table patrols with updates: {"status":"in_progress","startTime":"2:54 PM"}
[0m
[0m[2m[14:54:57][22m I | [1mReactNativeJS[22m ▶︎ [2026-08-18T09:24:57.322Z] [INFO] [DB] saveTable: saved 1 rows to patrols table
[0m
[0m[2m[14:54:57][22m I | [1mReactNativeJS[22m ▶︎ [2026-08-18T09:24:57.399Z] [INFO] [DB] getTable: read patrols table, returned 1 rows
[0m
[0m[2m[14:54:57][22m I | [1mReactNativeJS[22m ▶︎ [2026-08-18T09:24:57.437Z] [INFO] [DB] insertRow: inserting into notifications with id notif-1787045097425 - {"id":"notif-1787045097425","userId":"G-1001","title":"Patrol Started","message":"Morning Perimeter Patrol has been started at 2:54 PM.","read":false,"createdAt":"2026-08-18T09:24:57.425Z"}
[0m
[0m[2m[14:54:57][22m I | [1mReactNativeJS[22m ▶︎ [2026-08-18T09:24:57.451Z] [INFO] [DB] getTable: read notifications table, returned 10 rows
[0m
[0m[2m[14:54:57][22m I | [1mReactNativeJS[22m ▶︎ [2026-08-18T09:24:57.600Z] [INFO] [DB] saveTable: saved 11 rows to notifications table
[0m
[0m[2m[14:54:57][22m I | [1mReactNativeJS[22m ▶︎ [2026-08-18T09:24:57.624Z] [INFO] [DB] getTable: read employees table, returned 4 rows
[0m
[0m[2m[14:54:57][22m I | [1mReactNativeJS[22m ▶︎ [2026-08-18T09:24:57.647Z] [INFO] [DB] getTable: read shifts table, returned 1 rows
[0m
[0m[2m[14:54:57][22m I | [1mReactNativeJS[22m ▶︎ [2026-08-18T09:24:57.666Z] [INFO] [DB] getTable: read attendance table, returned 9 rows
[0m
[0m[2m[14:54:57][22m I | [1mReactNativeJS[22m ▶︎ [2026-08-18T09:24:57.678Z] [INFO] [DB] getTable: read patrols table, returned 1 rows
[0m
[0m[2m[14:54:57][22m I | [1mReactNativeJS[22m ▶︎ [2026-08-18T09:24:57.699Z] [INFO] [DB] getTable: read leaves table, returned 1 rows
[0m
[0m[2m[14:54:57][22m I | [1mReactNativeJS[22m ▶︎ [2026-08-18T09:24:57.724Z] [INFO] [DB] getTable: read incidents table, returned 12 rows
[0m
[0m[2m[14:54:57][22m I | [1mReactNativeJS[22m ▶︎ [2026-08-18T09:24:57.740Z] [INFO] [DB] getTable: read messages table, returned 2 rows
[0m
[0m[2m[14:54:57][22m I | [1mReactNativeJS[22m ▶︎ [2026-08-18T09:24:57.755Z] [INFO] [DB] getTable: read notifications table, returned 11 rows
[0m
[0m[2m[14:54:57][22m I | [1mReactNativeJS[22m ▶︎ [2026-08-18T09:24:57.799Z] [INFO] [GuardStore] Hydration completed successfully for G-1001
[0m
[0m[2m[14:55:11][22m I | [1mReactNativeJS[22m ▶︎ [2026-08-18T09:25:11.127Z] [INFO] [DB] updateRow: updating row id patrol-today in table patrols with updates: {"scanned":1,"status":"in_progress","endTime":""}
[0m
[0m[2m[14:55:11][22m I | [1mReactNativeJS[22m ▶︎ [2026-08-18T09:25:11.156Z] [INFO] [DB] getTable: read patrols table, returned 1 rows
[0m
[0m[2m[14:55:11][22m I | [1mReactNativeJS[22m ▶︎ [2026-08-18T09:25:11.231Z] [INFO] [DB] saveTable: saved 1 rows to patrols table
[0m
[0m[2m[14:55:11][22m I | [1mReactNativeJS[22m ▶︎ [2026-08-18T09:25:11.235Z] [INFO] [DB] insertRow: inserting into notifications with id notif-1787045111235 - {"id":"notif-1787045111235","userId":"G-1001","title":"Checkpoint Scanned","message":"Main Gate recorded at 2:55 PM.","read":false,"createdAt":"2026-08-18T09:25:11.235Z"}
[0m
[0m[2m[14:55:12][22m I | [1mReactNativeJS[22m ▶︎ [2026-08-18T09:25:12.187Z] [INFO] [DB] getTable: read notifications table, returned 11 rows
[0m
[0m[2m[14:55:12][22m I | [1mReactNativeJS[22m ▶︎ [2026-08-18T09:25:12.294Z] [INFO] [DB] saveTable: saved 12 rows to notifications table
[0m
[0m[2m[14:55:12][22m I | [1mReactNativeJS[22m ▶︎ [2026-08-18T09:25:12.416Z] [INFO] [DB] getTable: read employees table, returned 4 rows
[0m
[0m[2m[14:55:13][22m I | [1mReactNativeJS[22m ▶︎ [2026-08-18T09:25:13.199Z] [INFO] [DB] getTable: read shifts table, returned 1 rows
[0m
[0m[2m[14:55:13][22m I | [1mReactNativeJS[22m ▶︎ [2026-08-18T09:25:13.250Z] [INFO] [DB] getTable: read attendance table, returned 9 rows
[0m
[0m[2m[14:55:13][22m I | [1mReactNativeJS[22m ▶︎ [2026-08-18T09:25:13.313Z] [INFO] [DB] getTable: read patrols table, returned 1 rows
[0m
[0m[2m[14:55:13][22m I | [1mReactNativeJS[22m ▶︎ [2026-08-18T09:25:13.339Z] [INFO] [DB] getTable: read leaves table, returned 1 rows
[0m
[0m[2m[14:55:13][22m I | [1mReactNativeJS[22m ▶︎ [2026-08-18T09:25:13.400Z] [INFO] [DB] getTable: read incidents table, returned 12 rows
[0m
[0m[2m[14:55:14][22m I | [1mReactNativeJS[22m ▶︎ [2026-08-18T09:25:14.722Z] [INFO] [DB] getTable: read messages table, returned 2 rows
[0m
[0m[2m[14:55:14][22m I | [1mReactNativeJS[22m ▶︎ [2026-08-18T09:25:14.903Z] [INFO] [DB] getTable: read notifications table, returned 12 rows
[0m
[0m[2m[14:55:16][22m I | [1mReactNativeJS[22m ▶︎ [2026-08-18T09:25:16.547Z] [INFO] [GuardStore] Hydration completed successfully for G-1001
[0m
[0m[2m[14:55:39][22m I | [1mReactNativeJS[22m ▶︎ [2026-08-18T09:25:39.216Z] [INFO] [DB] updateRow: updating row id patrol-today in table patrols with updates: {"scanned":2,"status":"in_progress","endTime":""}
[0m
[0m[2m[14:55:39][22m I | [1mReactNativeJS[22m ▶︎ [2026-08-18T09:25:39.280Z] [INFO] [DB] getTable: read patrols table, returned 1 rows
[0m
[0m[2m[14:55:39][22m I | [1mReactNativeJS[22m ▶︎ [2026-08-18T09:25:39.309Z] [INFO] [DB] saveTable: saved 1 rows to patrols table
                             [2m└ [22m[2026-08-18T09:25:39.311Z] [INFO] [DB] insertRow: inserting into notifications with id notif-1787045139311 - {"id":"notif-1787045139311","userId":"G-1001","title":"Checkpoint Scanned","message":"Reception Lobby recorded at 2:55 PM.","read":false,"createdAt":"2026-08-18T09:25:39.311Z"}
[0m
[0m[2m[14:55:39][22m I | [1mReactNativeJS[22m ▶︎ [2026-08-18T09:25:39.371Z] [INFO] [DB] getTable: read notifications table, returned 12 rows
[0m
[0m[2m[14:55:39][22m I | [1mReactNativeJS[22m ▶︎ [2026-08-18T09:25:39.420Z] [INFO] [DB] saveTable: saved 13 rows to notifications table
[0m
[0m[2m[14:55:39][22m I | [1mReactNativeJS[22m ▶︎ [2026-08-18T09:25:39.474Z] [INFO] [DB] getTable: read employees table, returned 4 rows
[0m
[0m[2m[14:55:39][22m I | [1mReactNativeJS[22m ▶︎ [2026-08-18T09:25:39.539Z] [INFO] [DB] getTable: read shifts table, returned 1 rows
[0m
[0m[2m[14:55:40][22m I | [1mReactNativeJS[22m ▶︎ [2026-08-18T09:25:40.258Z] [INFO] [DB] getTable: read attendance table, returned 9 rows
[0m
[0m[2m[14:55:40][22m I | [1mReactNativeJS[22m ▶︎ [2026-08-18T09:25:40.319Z] [INFO] [DB] getTable: read patrols table, returned 1 rows
[0m
[0m[2m[14:55:40][22m I | [1mReactNativeJS[22m ▶︎ [2026-08-18T09:25:40.356Z] [INFO] [DB] getTable: read leaves table, returned 1 rows
[0m
[0m[2m[14:55:40][22m I | [1mReactNativeJS[22m ▶︎ [2026-08-18T09:25:40.399Z] [INFO] [DB] getTable: read incidents table, returned 12 rows
[0m
[0m[2m[14:55:40][22m I | [1mReactNativeJS[22m ▶︎ [2026-08-18T09:25:40.486Z] [INFO] [DB] getTable: read messages table, returned 2 rows
[0m
[0m[2m[14:55:40][22m I | [1mReactNativeJS[22m ▶︎ [2026-08-18T09:25:40.578Z] [INFO] [DB] getTable: read notifications table, returned 13 rows
[0m
[0m[2m[14:55:41][22m I | [1mReactNativeJS[22m ▶︎ [2026-08-18T09:25:41.347Z] [INFO] [GuardStore] Hydration completed successfully for G-1001
[0m
[0m[2m[14:56:00][22m I | [1mReactNativeJS[22m ▶︎ [2026-08-18T09:26:00.975Z] [INFO] [DB] updateRow: updating row id patrol-today in table patrols with updates: {"scanned":3,"status":"in_progress","endTime":""}
[0m
[0m[2m[14:56:00][22m I | [1mReactNativeJS[22m ▶︎ [2026-08-18T09:26:00.990Z] [INFO] [DB] getTable: read patrols table, returned 1 rows
[0m
[0m[2m[14:56:01][22m I | [1mReactNativeJS[22m ▶︎ [2026-08-18T09:26:01.046Z] [INFO] [DB] saveTable: saved 1 rows to patrols table
                             [2m└ [22m[2026-08-18T09:26:01.048Z] [INFO] [DB] insertRow: inserting into notifications with id notif-1787045161048 - {"id":"notif-1787045161048","userId":"G-1001","title":"Checkpoint Scanned","message":"Parking Level 1 recorded at 2:56 PM.","read":false,"createdAt":"2026-08-18T09:26:01.048Z"}
[0m
[0m[2m[14:56:01][22m I | [1mReactNativeJS[22m ▶︎ [2026-08-18T09:26:01.098Z] [INFO] [DB] getTable: read notifications table, returned 13 rows
[0m
[0m[2m[14:56:01][22m I | [1mReactNativeJS[22m ▶︎ [2026-08-18T09:26:01.122Z] [INFO] [DB] saveTable: saved 14 rows to notifications table
[0m
[0m[2m[14:56:01][22m I | [1mReactNativeJS[22m ▶︎ [2026-08-18T09:26:01.202Z] [INFO] [DB] getTable: read employees table, returned 4 rows
[0m
[0m[2m[14:56:01][22m I | [1mReactNativeJS[22m ▶︎ [2026-08-18T09:26:01.231Z] [INFO] [DB] getTable: read shifts table, returned 1 rows
[0m
[0m[2m[14:56:01][22m I | [1mReactNativeJS[22m ▶︎ [2026-08-18T09:26:01.293Z] [INFO] [DB] getTable: read attendance table, returned 9 rows
[0m
[0m[2m[14:56:01][22m I | [1mReactNativeJS[22m ▶︎ [2026-08-18T09:26:01.431Z] [INFO] [DB] getTable: read patrols table, returned 1 rows
[0m
[0m[2m[14:56:01][22m I | [1mReactNativeJS[22m ▶︎ [2026-08-18T09:26:01.593Z] [INFO] [DB] getTable: read leaves table, returned 1 rows
[0m
[0m[2m[14:56:01][22m I | [1mReactNativeJS[22m ▶︎ [2026-08-18T09:26:01.667Z] [INFO] [DB] getTable: read incidents table, returned 12 rows
[0m
[0m[2m[14:56:02][22m I | [1mReactNativeJS[22m ▶︎ [2026-08-18T09:26:02.427Z] [INFO] [DB] getTable: read messages table, returned 2 rows
[0m
[0m[2m[14:56:02][22m I | [1mReactNativeJS[22m ▶︎ [2026-08-18T09:26:02.455Z] [INFO] [DB] getTable: read notifications table, returned 14 rows
[0m
[0m[2m[14:56:02][22m I | [1mReactNativeJS[22m ▶︎ [2026-08-18T09:26:02.491Z] [INFO] [GuardStore] Hydration completed successfully for G-1001
[0m
[0m[2m[15:10:38][22m I | [1mReactNativeJS[22m ▶︎ [2026-08-18T09:40:38.175Z] [INFO] [DB] updateRow: updating row id patrol-today in table patrols with updates: {"scanned":4,"status":"in_progress","endTime":""}
[0m
[0m[2m[15:10:38][22m I | [1mReactNativeJS[22m ▶︎ [2026-08-18T09:40:38.211Z] [INFO] [DB] getTable: read patrols table, returned 1 rows
[0m
[0m[2m[15:10:38][22m I | [1mReactNativeJS[22m ▶︎ [2026-08-18T09:40:38.250Z] [INFO] [DB] saveTable: saved 1 rows to patrols table
[0m
[0m[2m[15:10:38][22m I | [1mReactNativeJS[22m ▶︎ [2026-08-18T09:40:38.255Z] [INFO] [DB] insertRow: inserting into notifications with id notif-1787046038255 - {"id":"notif-1787046038255","userId":"G-1001","title":"Checkpoint Scanned","message":"Server Room recorded at 3:10 PM.","read":false,"createdAt":"2026-08-18T09:40:38.255Z"}
[0m
[0m[2m[15:10:38][22m I | [1mReactNativeJS[22m ▶︎ [2026-08-18T09:40:38.347Z] [INFO] [DB] getTable: read notifications table, returned 14 rows
[0m
[0m[2m[15:10:38][22m I | [1mReactNativeJS[22m ▶︎ [2026-08-18T09:40:38.410Z] [INFO] [DB] saveTable: saved 15 rows to notifications table
[0m
[0m[2m[15:10:38][22m I | [1mReactNativeJS[22m ▶︎ [2026-08-18T09:40:38.517Z] [INFO] [DB] getTable: read employees table, returned 4 rows
[0m
[0m[2m[15:10:39][22m I | [1mReactNativeJS[22m ▶︎ [2026-08-18T09:40:39.276Z] [INFO] [DB] getTable: read shifts table, returned 1 rows
[0m
[0m[2m[15:10:39][22m I | [1mReactNativeJS[22m ▶︎ [2026-08-18T09:40:39.337Z] [INFO] [DB] getTable: read attendance table, returned 9 rows
[0m
[0m[2m[15:10:39][22m I | [1mReactNativeJS[22m ▶︎ [2026-08-18T09:40:39.561Z] [INFO] [DB] getTable: read patrols table, returned 1 rows
[0m
[0m[2m[15:10:40][22m I | [1mReactNativeJS[22m ▶︎ [2026-08-18T09:40:40.105Z] [INFO] [DB] getTable: read leaves table, returned 1 rows
[0m
[0m[2m[15:10:40][22m I | [1mReactNativeJS[22m ▶︎ [2026-08-18T09:40:40.142Z] [INFO] [DB] getTable: read incidents table, returned 12 rows
[0m
[0m[2m[15:10:40][22m I | [1mReactNativeJS[22m ▶︎ [2026-08-18T09:40:40.384Z] [INFO] [DB] getTable: read messages table, returned 2 rows
[0m
[0m[2m[15:10:40][22m I | [1mReactNativeJS[22m ▶︎ [2026-08-18T09:40:40.441Z] [INFO] [DB] getTable: read notifications table, returned 15 rows
[0m
[0m[2m[15:10:40][22m I | [1mReactNativeJS[22m ▶︎ [2026-08-18T09:40:40.542Z] [INFO] [GuardStore] Hydration completed successfully for G-1001
[0m
[0m[2m[15:11:30][22m [33mW |[39m [1m[33mReactNativeJS[39m[22m [33m▶︎[39m [33mCannot connect to Metro.[39m
                             [33m│ [39m[33m[39m
                             [33m│ [39m[33mTry the following to fix the issue:[39m
                             [33m│ [39m[33m- Ensure that Metro is running and available on the same network[39m
                             [33m│ [39m[33m- Ensure that your device/emulator is connected to your machine and has USB debugging enabled - run 'adb devices' to see a list of connected devices[39m
                             [33m│ [39m[33m- If you're on a physical device connected to the same machine, run 'adb reverse tcp:8081 tcp:8081' to forward requests from your device[39m
                             [33m│ [39m[33m- If your device is on the same Wi-Fi network, set 'Debug server host & port for device' in 'Dev settings' to your machine's IP address and the port of the local dev server - e.g. 10.0.1.1:8081[39m
                             [33m│ [39m[33m[39m
                             [33m│ [39m[33mURL: 10.0.2.2:8081[39m
                             [33m│ [39m[33m[39m
                             [33m└ [39m[33mError: undefined[39m
[0m
[0m[2m[15:11:30][22m [33mW |[39m [1m[33mReactNativeJS[39m[22m [33m▶︎[39m [33m[2026-08-18T09:41:30.085Z] [WARN] [ConsoleWarn] Cannot connect to Metro.[39m
                             [33m│ [39m[33m[39m
                             [33m│ [39m[33mTry the following to fix the issue:[39m
                             [33m│ [39m[33m- Ensure that Metro is running and available on the same network[39m
                             [33m│ [39m[33m- Ensure that your device/emulator is connected to your machine and has USB debugging enabled - run 'adb devices' to see a list of connected devices[39m
                             [33m│ [39m[33m- If you're on a physical device connected to the same machine, run 'adb reverse tcp:8081 tcp:8081' to forward requests from your device[39m
                             [33m│ [39m[33m- If your device is on the same Wi-Fi network, set 'Debug server host & port for device' in 'Dev settings' to your machine's IP address and the port of the local dev server - e.g. 10.0.1.1:8081[39m
                             [33m│ [39m[33m[39m
                             [33m│ [39m[33mURL: 10.0.2.2:8081[39m
                             [33m│ [39m[33m[39m
                             [33m└ [39m[33mError: undefined[39m
[0m
[0m[2m[15:12:39][22m I | [1mReactNativeJS[22m ▶︎ [2026-08-18T09:42:39.076Z] [INFO] [DB] updateRow: updating row id patrol-today in table patrols with updates: {"scanned":5,"status":"completed","endTime":"3:12 PM"}
[0m
[0m[2m[15:12:40][22m I | [1mReactNativeJS[22m ▶︎ [2026-08-18T09:42:40.385Z] [INFO] [DB] getTable: read patrols table, returned 1 rows
[0m
[0m[2m[15:12:40][22m I | [1mReactNativeJS[22m ▶︎ [2026-08-18T09:42:40.541Z] [INFO] [DB] saveTable: saved 1 rows to patrols table
[0m
[0m[2m[15:12:40][22m I | [1mReactNativeJS[22m ▶︎ [2026-08-18T09:42:40.543Z] [INFO] [DB] insertRow: inserting into notifications with id notif-1787046160542 - {"id":"notif-1787046160542","userId":"G-1001","title":"Checkpoint Scanned","message":"Emergency Exit recorded at 3:12 PM.","read":false,"createdAt":"2026-08-18T09:42:40.543Z"}
[0m
[0m[2m[15:12:41][22m I | [1mReactNativeJS[22m ▶︎ [2026-08-18T09:42:41.902Z] [INFO] [DB] getTable: read notifications table, returned 15 rows
[0m
[0m[2m[15:12:42][22m I | [1mReactNativeJS[22m ▶︎ [2026-08-18T09:42:42.029Z] [INFO] [DB] saveTable: saved 16 rows to notifications table
[0m
[0m[2m[15:12:42][22m I | [1mReactNativeJS[22m ▶︎ [2026-08-18T09:42:42.031Z] [INFO] [DB] insertRow: inserting into notifications with id notif-comp-1787046162031 - {"id":"notif-comp-1787046162031","userId":"G-1001","title":"Patrol Completed","message":"All 5 checkpoints completed at 3:12 PM.","read":false,"createdAt":"2026-08-18T09:42:42.031Z"}
[0m
[0m[2m[15:12:42][22m I | [1mReactNativeJS[22m ▶︎ [2026-08-18T09:42:42.818Z] [INFO] [DB] getTable: read notifications table, returned 16 rows
[0m
[0m[2m[15:12:43][22m I | [1mReactNativeJS[22m ▶︎ [2026-08-18T09:42:43.212Z] [INFO] [DB] saveTable: saved 17 rows to notifications table
[0m
[0m[2m[15:12:44][22m I | [1mReactNativeJS[22m ▶︎ [2026-08-18T09:42:44.352Z] [INFO] [DB] getTable: read employees table, returned 4 rows
[0m
[0m[2m[15:12:44][22m I | [1mReactNativeJS[22m ▶︎ [2026-08-18T09:42:44.503Z] [INFO] [DB] getTable: read shifts table, returned 1 rows
[0m
[0m[2m[15:12:45][22m I | [1mReactNativeJS[22m ▶︎ [2026-08-18T09:42:45.430Z] [INFO] [DB] getTable: read attendance table, returned 9 rows
[0m
[0m[2m[15:12:45][22m I | [1mReactNativeJS[22m ▶︎ [2026-08-18T09:42:45.595Z] [INFO] [DB] getTable: read patrols table, returned 1 rows
[0m
[0m[2m[15:12:47][22m I | [1mReactNativeJS[22m ▶︎ [2026-08-18T09:42:47.410Z] [INFO] [DB] getTable: read leaves table, returned 1 rows
[0m
[0m[2m[15:12:47][22m I | [1mReactNativeJS[22m ▶︎ [2026-08-18T09:42:47.546Z] [INFO] [DB] getTable: read incidents table, returned 12 rows
[0m
[0m[2m[15:12:48][22m I | [1mReactNativeJS[22m ▶︎ [2026-08-18T09:42:48.564Z] [INFO] [DB] getTable: read messages table, returned 2 rows
[0m
[0m[2m[15:12:48][22m I | [1mReactNativeJS[22m ▶︎ [2026-08-18T09:42:48.856Z] [INFO] [DB] getTable: read notifications table, returned 17 rows
[0m
[0m[2m[15:12:49][22m I | [1mReactNativeJS[22m ▶︎ [2026-08-18T09:42:49.011Z] [INFO] [GuardStore] Hydration completed successfully for G-1001
[0m
[0m[2m[15:12:59][22m I | [1mReactNativeJS[22m ▶︎ [2026-08-18T09:42:59.896Z] [INFO] [DB] insertRow: inserting into patrols with id patrol-1787046179893 - {"id":"patrol-1787046179893","companyId":"c-1","site":"Ahmedabad Plant","siteId":"s-01","guard":"John Smith","guardId":"G-1001","date":"2026-08-18","startTime":"3:12 PM","endTime":"","status":"in_progress","checkpoints":5,"scanned":0,"missed":0,"incidents":0}
[0m
[0m[2m[15:13:00][22m I | [1mReactNativeJS[22m ▶︎ [2026-08-18T09:43:00.094Z] [INFO] [DB] saveTable: saved 2 rows to patrols table
[0m
[0m[2m[15:13:00][22m I | [1mReactNativeJS[22m ▶︎ [2026-08-18T09:43:00.240Z] [INFO] [DB] getTable: read patrols table, returned 2 rows
[0m
[0m[2m[15:13:00][22m I | [1mReactNativeJS[22m ▶︎ [2026-08-18T09:43:00.625Z] [INFO] [DB] insertRow: inserting into notifications with id notif-1787046180625 - {"id":"notif-1787046180625","userId":"G-1001","title":"Patrol Started","message":"Morning Perimeter Patrol has been started at 3:12 PM.","read":false,"createdAt":"2026-08-18T09:43:00.625Z"}
[0m
[0m[2m[15:13:00][22m I | [1mReactNativeJS[22m ▶︎ [2026-08-18T09:43:00.670Z] [INFO] [DB] getTable: read notifications table, returned 17 rows
[0m
[0m[2m[15:13:00][22m I | [1mReactNativeJS[22m ▶︎ [2026-08-18T09:43:00.687Z] [INFO] [DB] saveTable: saved 18 rows to notifications table
[0m
[0m[2m[15:13:00][22m I | [1mReactNativeJS[22m ▶︎ [2026-08-18T09:43:00.720Z] [INFO] [DB] getTable: read employees table, returned 4 rows
[0m
[0m[2m[15:13:00][22m I | [1mReactNativeJS[22m ▶︎ [2026-08-18T09:43:00.758Z] [INFO] [DB] getTable: read shifts table, returned 1 rows
[0m
[0m[2m[15:13:00][22m I | [1mReactNativeJS[22m ▶︎ [2026-08-18T09:43:00.780Z] [INFO] [DB] getTable: read attendance table, returned 9 rows
[0m
[0m[2m[15:13:00][22m I | [1mReactNativeJS[22m ▶︎ [2026-08-18T09:43:00.797Z] [INFO] [DB] getTable: read patrols table, returned 2 rows
[0m
[0m[2m[15:13:00][22m I | [1mReactNativeJS[22m ▶︎ [2026-08-18T09:43:00.820Z] [INFO] [DB] getTable: read leaves table, returned 1 rows
[0m
[0m[2m[15:13:00][22m I | [1mReactNativeJS[22m ▶︎ [2026-08-18T09:43:00.852Z] [INFO] [DB] getTable: read incidents table, returned 12 rows
[0m
[0m[2m[15:13:00][22m I | [1mReactNativeJS[22m ▶︎ [2026-08-18T09:43:00.888Z] [INFO] [DB] getTable: read messages table, returned 2 rows
[0m
[0m[2m[15:13:00][22m I | [1mReactNativeJS[22m ▶︎ [2026-08-18T09:43:00.907Z] [INFO] [DB] getTable: read notifications table, returned 18 rows
[0m
[0m[2m[15:13:00][22m I | [1mReactNativeJS[22m ▶︎ [2026-08-18T09:43:00.962Z] [INFO] [GuardStore] Hydration completed successfully for G-1001
[0m
[0m[2m[15:20:16][22m I | [1mReactNativeJS[22m ▶︎ [2026-08-18T09:50:16.980Z] [INFO] [DB] getTable: read employees table, returned 4 rows
[0m
[0m[2m[15:43:18][22m I | [1mReactNativeJS[22m ▶︎ Running "MyFirstApp" with {"rootTag":1,"initialProps":{},"fabric":true}
[0m
[0m[2m[15:43:23][22m I | [1mReactNative[22m ▶︎ [GESTURE HANDLER] Initialize gesture handler for root view com.facebook.react.runtime.ReactSurfaceView{fa3ed91 V.E...... ......ID 0,0-1080,2400 #1}
[0m
[0m[2m[15:43:26][22m I | [1mReactNativeJS[22m ▶︎ [2026-08-18T10:13:26.228Z] [INFO] [DB] getTable: read employees table, returned 4 rows
                             [2m└ [22m[2026-08-18T10:13:26.251Z] [INFO] [DB] getTable: read shifts table, returned 1 rows
[0m
[0m[2m[15:43:26][22m I | [1mReactNativeJS[22m ▶︎ [2026-08-18T10:13:26.536Z] [INFO] [DB] getTable: read attendance table, returned 9 rows
[0m
[0m[2m[15:43:26][22m I | [1mReactNativeJS[22m ▶︎ [2026-08-18T10:13:26.907Z] [INFO] [DB] getTable: read patrols table, returned 2 rows
[0m
[0m[2m[15:43:27][22m I | [1mReactNativeJS[22m ▶︎ [2026-08-18T10:13:27.330Z] [INFO] [DB] getTable: read notifications table, returned 18 rows
[0m
[0m[2m[15:43:28][22m I | [1mReactNativeJS[22m ▶︎ [2026-08-18T10:13:28.089Z] [INFO] [GuardStore] Hydration completed successfully for G-1001
[0m
[0m[2m[15:43:35][22m I | [1mReactNativeJS[22m ▶︎ [2026-08-18T10:13:35.656Z] [INFO] [AttendanceCard] Current Attendance Info - Status: Checked In, ClockIn: 2:36 PM, ClockOut: --:--
[0m
[0m[2m[16:00:38][22m [31mE |[39m [1m[31mReactNativeJS[39m[22m [31m▶︎[39m [31m{ [Error: UnableToResolveError Unable to resolve module ./QuickAccessCard from D:\Priority1\Priority1MobileApp\src\features\home\components\index.ts:[39m
                             [31m│ [39m[31m[39m
                             [31m│ [39m[31mNone of these files exist:[39m
                             [31m│ [39m[31m* src\features\home\components\QuickAccessCard(.android.js|.native.js|.js|.android.jsx|.native.jsx|.jsx|.android.json|.native.json|.json|.android.ts|.native.ts|.ts|.android.tsx|.native.tsx|.tsx)[39m
                             [31m│ [39m[31m* src\features\home\components\QuickAccessCard[39m
                             [31m│ [39m[31m[0m [90m  8 |[31m [36mexport[31m [33m*[31m [36mfrom[31m [32m'./PatrolProgressSummaryCard'[31m[33m;[31m[39m
                             [31m│ [39m[31m[90m  9 |[31m [36mexport[31m [33m*[31m [36mfrom[31m [32m'./ClockInOutActionCard'[31m[33m;[31m[39m
                             [31m│ [39m[31m[31m[1m>[22m[31m[90m 10 |[31m[39m
                             [31m└ [39m[31m[90m    |[31m [31m[1m^[22m[31m[31m[1m^[22m[31m[31m[1m^[22m[31m[31m[1m^[22m[31m[31m[1m^[22m[31m[31m[1m^[22m[31m[31m[1m^[22m[31m[31m[1m^[22m[31m[31m[1m^[22m[31m[31m[1m^[22m[31m[31m[1m^[22m[31m[31m[1m^[22m[31m[31m[1m^[22m[31m[31m[1m^[22m[31m[31m[1m^[22m[31m[31m[1m^[22m[31m[31m[1m^[22m[31m[31m[1m^[22m[31m[31m[1m^[22m[31m[31m[1m^[22m[31m[31m[1m^[22m[31m[31m[1m^[22m[31m[31m[1m^[22m[31m[31m[1m^[22m[31m[31m[1m^[22m[31m[31m[1m^[22m[31m[31m[1m^[22m[31m[31m[1m^[22m[31m[31m[1m^[22m[31m[31m[1m^[22m[31m[31m[1m^[22m[31m[31m[1m^[22m[31m[31m[1m^[22m[31m[31m[1m^[22m[31m[0m] preventSymbolication: true }[39m
[0m
[0m[2m[16:00:38][22m [31mE |[39m [1m[31mReactNativeJS[39m[22m [31m▶︎[39m [31m[2026-08-18T10:30:38.707Z] [ERROR] [ConsoleError] Error: UnableToResolveError Unable to resolve module ./QuickAccessCard from D:\Priority1\Priority1MobileApp\src\features\home\components\index.ts:[39m
                             [31m│ [39m[31m[39m
                             [31m│ [39m[31mNone of these files exist:[39m
                             [31m│ [39m[31m* src\features\home\components\QuickAccessCard(.android.js|.native.js|.js|.android.jsx|.native.jsx|.jsx|.android.json|.native.json|.json|.android.ts|.native.ts|.ts|.android.tsx|.native.tsx|.tsx)[39m
                             [31m│ [39m[31m* src\features\home\components\QuickAccessCard[39m
                             [31m│ [39m[31m[0m [90m  8 |[31m [36mexport[31m [33m*[31m [36mfrom[31m [32m'./PatrolProgressSummaryCard'[31m[33m;[31m[39m
                             [31m│ [39m[31m[90m  9 |[31m [36mexport[31m [33m*[31m [36mfrom[31m [32m'./ClockInOutActionCard'[31m[33m;[31m[39m
                             [31m│ [39m[31m[31m[1m>[22m[31m[90m 10 |[31m[39m
                             [31m│ [39m[31m[90m    |[31m [31m[1m^[22m[31m[31m[1m^[22m[31m[31m[1m^[22m[31m[31m[1m^[22m[31m[31m[1m^[22m[31m[31m[1m^[22m[31m[31m[1m^[22m[31m[31m[1m^[22m[31m[31m[1m^[22m[31m[31m[1m^[22m[31m[31m[1m^[22m[31m[31m[1m^[22m[31m[31m[1m^[22m[31m[31m[1m^[22m[31m[31m[1m^[22m[31m[31m[1m^[22m[31m[31m[1m^[22m[31m[31m[1m^[22m[31m[31m[1m^[22m[31m[31m[1m^[22m[31m[31m[1m^[22m[31m[31m[1m^[22m[31m[31m[1m^[22m[31m[31m[1m^[22m[31m[31m[1m^[22m[31m[31m[1m^[22m[31m[31m[1m^[22m[31m[31m[1m^[22m[31m[31m[1m^[22m[31m[31m[1m^[22m[31m[31m[1m^[22m[31m[31m[1m^[22m[31m[31m[1m^[22m[31m[31m[1m^[22m[31m[0m[39m
                             [31m│ [39m[31mError: UnableToResolveError Unable to resolve module ./QuickAccessCard from D:\Priority1\Priority1MobileApp\src\features\home\components\index.ts:[39m
                             [31m│ [39m[31m[39m
                             [31m│ [39m[31mNone of these files exist:[39m
                             [31m│ [39m[31m* src\features\home\components\QuickAccessCard(.android.js|.native.js|.js|.android.jsx|.native.jsx|.jsx|.android.json|.native.json|.json|.android.ts|.native.ts|.ts|.android.tsx|.native.tsx|.tsx)[39m
                             [31m│ [39m[31m* src\features\home\components\QuickAccessCard[39m
                             [31m│ [39m[31m[0m [90m  8 |[31m [36mexport[31m [33m*[31m [36mfrom[31m [32m'./PatrolProgressSummaryCard'[31m[33m;[31m[39m
                             [31m│ [39m[31m[90m  9 |[31m [36mexport[31m [33m*[31m [36mfrom[31m [32m'./ClockInOutActionCard'[31m[33m;[31m[39m
                             [31m│ [39m[31m[31m[1m>[22m[31m[90m 10 |[31m[39m
                             [31m│ [39m[31m[90m    |[31m [31m[1m^[22m[31m[31m[1m^[22m[31m[31m[1m^[22m[31m[31m[1m^[22m[31m[31m[1m^[22m[31m[31m[1m^[22m[31m[31m[1m^[22m[31m[31m[1m^[22m[31m[31m[1m^[22m[31m[31m[1m^[22m[31m[31m[1m^[22m[31m[31m[1m^[22m[31m[31m[1m^[22m[31m[31m[1m^[22m[31m[31m[1m^[22m[31m[31m[1m^[22m[31m[31m[1m^[22m[31m[31m[1m^[22m[31m[31m[1m^[22m[31m[31m[1m^[22m[31m[31m[1m^[22m[31m[31m[1m^[22m[31m[31m[1m^[22m[31m[31m[1m^[22m[31m[31m[1m^[22m[31m[31m[1m^[22m[31m[31m[1m^[22m[31m[31m[1m^[22m[31m[31m[1m^[22m[31m[31m[1m^[22m[31m[31m[1m^[22m[31m[31m[1m^[22m[31m[31m[1m^[22m[31m[31m[1m^[22m[31m[0m[39m
                             [31m│ [39m[31mat showCompileError (http://10.0.2.2:8081/index.bundle//&platform=android&dev=true&lazy=true&minify=false&app=com.myfirstapp&modulesOnly=false&runModule=true&excludeSource=true&sourcePaths=url-server:50897:26)[39m
                             [31m└ [39m[31mat anonymous (http://10.0.2.2:8081/index.bundle//&platform=android&dev=true&lazy=true&minify=false&app=com.myfirstapp&modulesOnly=false&runModule=true&excludeSource=true&sourcePaths=url-server:50823:29)[39m
[0m
[0m[2m[16:00:38][22m [31mE |[39m [1m[31mReactNativeJS[39m[22m [31m▶︎[39m [31mat call (native)[39m
                             [31m│ [39m[31mat emit (http://10.0.2.2:8081/index.bundle//&platform=android&dev=true&lazy=true&minify=false&app=com.myfirstapp&modulesOnly=false&runModule=true&excludeSource=true&sourcePaths=url-server:51410:35)[39m
                             [31m│ [39m[31mat anonymous (http://10.0.2.2:8081/index.bundle//&platform=android&dev=true&lazy=true&minify=false&app=com.myfirstapp&modulesOnly=false&runModule=true&excludeSource=true&sourcePaths=url-server:51190:23)[39m
                             [31m│ [39m[31mat invoke (http://10.0.2.2:8081/index.bundle//&platform=android&dev=true&lazy=true&minify=false&app=com.myfirstapp&modulesOnly=false&runModule=true&excludeSource=true&sourcePaths=url-server:20415:31)[39m
                             [31m│ [39m[31mat dispatch (http://10.0.2.2:8081/index.bundle//&platform=android&dev=true&lazy=true&minify=false&app=com.myfirstapp&modulesOnly=false&runModule=true&excludeSource=true&sourcePaths=url-server:20347:13)[39m
                             [31m│ [39m[31mat dispatchEvent (http://10.0.2.2:8081/index.bundle//&platform=android&dev=true&lazy=true&minify=false&app=com.myfirstapp&modulesOnly=false&runModule=true&excludeSource=true&sourcePaths=url-server:20297:17)[39m
                             [31m│ [39m[31mat anonymous (http://10.0.2.2:8081/index.bundle//&platform=android&dev=true&lazy=true&minify=false&app=com.myfirstapp&modulesOnly=false&runModule=true&excludeSource=true&sourcePaths=url-server:46641:29)[39m
                             [31m│ [39m[31mat apply (native)[39m
                             [31m│ [39m[31mat emit (http://10.0.2.2:8081/index.bundle//&platform=android&dev=true&lazy=true&minify=false&app=com.myfirstapp&modulesOnly=false&runModule=true&excludeSource=true&sourcePaths=url-server:5827:40)[39m
                             [31m│ [39m[31mat apply (native)[39m
                             [31m│ [39m[31mat anonymous (http://10.0.2.2:8081/index.bundle//&platform=android&dev=true&lazy=true&minify=false&app=com.myfirstapp&modulesOnly=false&runModule=true&excludeSource=true&sourcePaths=url-server:5693:200)[39m
                             [31m└ [39m[31mat emit (http://10.0.2.2:8081/index.bundle//&platform=android&dev=true&lazy=true&minify=false&app=com.myfirstapp&modulesOnly=false&runModule=true&excludeSource=true&sourcePaths=url-server:5705:68)[39m
[0m
[0m[2m[16:02:37][22m [31mE |[39m [1m[31mReactNativeJS[39m[22m [31m▶︎[39m [31m{ [Error: useTheme must be used within a ThemeProvider][39m
[0m
[0m[2m[16:02:37][22m [31mE |[39m [1m[31mReactNativeJS[39m[22m [31m▶︎[39m [31mcomponentStack: '\n    at ClockInOutActionCard (http://10.0.2.2:8081/src/features/home/components/ClockInOutActionCard.bundle//&platform=android&dev=true&lazy=true&minify=false&app=com.myfirstapp&modulesOnly=true&runModule=true&sourcePaths=url-server&shallow=true:12:101)\n    at RCTView (<anonymous>)\n    at View_withRef (address at http://10.0.2.2:8081/index.bundle?platform=android&dev=true&lazy=true&minify=false&app=com.myfirstapp&modulesOnly=false&runModule=true&excludeSource=true&sourcePaths=url-server:1:652521)\n    at RCTScrollView (<anonymous>)\n    at ScrollView (http://10.0.2.2:8081/index.bundle//&platform=android&dev=true&lazy=true&minify=false&app=com.myfirstapp&modulesOnly=false&runModule=true&excludeSource=true&sourcePaths=url-server:58054:36)\n    at ScrollView (http://10.0.2.2:8081/index.bundle//&platform=android&dev=true&lazy=true&minify=false&app=com.myfirstapp&modulesOnly=false&runModule=true&excludeSource=true&sourcePaths=url-server:58627:27)\n    at RCTView (<anonymous>)\n    at View_withRef (address at http://10.0.2.2:8081/index.bundle?platform=android&dev=true&lazy=true&minify=false&app=com.myfirstapp&modulesOnly=false&runModule=true&excludeSource=true&sourcePaths=url-server:1:652521)\n    at RCTView (<anonymous>)\n    at View_withRef (address at http://10.0.2.2:8081/index.bundle?platform=android&dev=true&lazy=true&minify=false&app=com.myfirstapp&modulesOnly=false&runModule=true&excludeSource=true&sourcePaths=url-server:1:652521)\n    at RNCSafeAreaView (<anonymous>)\n    at anonymous (http://10.0.2.2:8081/index.bundle//&platform=android&dev=true&lazy=true&minify=false&app=com.myfirstapp&modulesOnly=false&runModule=true&excludeSource=true&sourcePaths=url-server:100728:62)\n    at ScreenLayout (http://10.0.2.2:8081/index.bundle//&platform=android&dev=true&lazy=true&minify=false&app=com.myfirstapp&modulesOnly=false&runModule=true&excludeSource=true&sourcePaths=url-server:107304:22)\n    at HomeScreen (http://10.0.2.2:8081/src/features/home/screens/HomeScreen.bundle//&platform=android&dev=true&lazy=true&minify=false&app=com.myfirstapp&modulesOnly=true&runModule=true&sourcePaths=url-server&shallow=true:13:50)\n    at StaticContainer (http://10.0.2.2:8081/index.bundle//&platform=android&dev=true&lazy=true&minify=false&app=com.myfirstapp&modulesOnly=false&runModule=true&excludeSource=true&sourcePaths=url-server:95959:17)\n    at EnsureSingleNavigator (http://10.0.2.2:8081/index.bundle//&platform=android&dev=true&lazy=true&minify=false&app=com.myfirstapp&modulesOnly=false&runModule=true&excludeSource=true&sourcePaths=url-server:91163:3)\n    at SceneView (http://10.0.2.2:8081/index.bundle//&platform=android&dev=true&lazy=true&minify=false&app=com.myfirstapp&modulesOnly=false&runModule=true&excludeSource=true&sourcePaths=url-server:95832:3)\n    at NavigationProvider (http://10.0.2.2:8081/index.bundle//&platform=android&dev=true&lazy=true&minify=false&app=com.myfirstapp&modulesOnly=false&runModule=true&excludeSource=true&sourcePaths=url-server:91324:3)\n    at RNSScreenContentWrapper (<anonymous>)\n    at ScreenContentWrapper (<anonymous>)\n    at DebugContainer (http://10.0.2.2:8081/index.bundle//&platform=android&dev=true&lazy=true&minify=false&app=com.myfirstapp&modulesOnly=false&runModule=true&excludeSource=true&sourcePaths=url-server:105263:31)\n    at RNSScreen (<anonymous>)\n    at Animated(Anonymous) (http://10.0.2.2:8081/index.bundle//&platform=android&dev=true&lazy=true&minify=false&app=com.myfirstapp&modulesOnly=false&runModule=true&excludeSource=true&sourcePaths=url-server:62570:29)\n    at Suspender (http://10.0.2.2:8081/index.bundle//&platform=android&dev=true&lazy=true&minify=false&app=com.myfirstapp&modulesOnly=false&runModule=true&excludeSource=true&sourcePaths=url-server:104328:3)\n    at Suspense (<anonymous>)\n    at Freeze (http://10.0.2.2:8081/index.bundle//&platform=android&dev=true&lazy=true&minify=false&app=com.myfirstapp&modulesOnly=false&runModule=true&excludeSource=true&sourcePaths=url-server:104339:3)\[39m
                             [31m│ [39m[31misComponentError: true }[39m
                             [31m│ [39m[31m[2026-08-18T10:32:37.851Z] [ERROR] [ConsoleError] Error: useTheme must be used within a ThemeProvider[39m
                             [31m│ [39m[31mError: useTheme must be used within a ThemeProvider[39m
                             [31m│ [39m[31mat useTheme (http://10.0.2.2:8081/index.bundle//&platform=android&dev=true&lazy=true&minify=false&app=com.myfirstapp&modulesOnly=false&runModule=true&excludeSource=true&sourcePaths=url-server:84569:22)[39m
                             [31m│ [39m[31mat ClockInOutActionCard (http://10.0.2.2:8081/src/features/home/components/ClockInOutActionCard.bundle//&platform=android&dev=true&lazy=true&minify=false&app=com.myfirstapp&modulesOnly=true&runModule=true&sourcePaths=url-server&shallow=true:12:101)[39m
                             [31m│ [39m[31mat react_stack_bottom_frame (http://10.0.2.2:8081/index.bundle//&platform=android&dev=true&lazy=true&minify=false&app=com.myfirstapp&modulesOnly=false&runModule=true&excludeSource=true&sourcePaths=url-server:17664:29)[39m
                             [31m│ [39m[31mat renderWithHooks (http://10.0.2.2:8081/index.bundle//&platform=android&dev=true&lazy=true&minify=false&app=com.myfirstapp&modulesOnly=false&runModule=true&excludeSource=true&sourcePaths=url-server:12300:40)[39m
                             [31m│ [39m[31mat updateFunctionComponent (http://10.0.2.2:8081/index.bundle//&platform=android&dev=true&lazy=true&minify=false&app=com.myfirstapp&modulesOnly=false&runModule=true&excludeSource=true&sourcePaths=url-server:13586:34)[39m
                             [31m│ [39m[31mat beginWork (http://10.0.2.2:8081/index.bundle//&platform=android&dev=true&lazy=true&minify=false&app=com.myfirstapp&modulesOnly=false&runModule=true&excludeSource=true&sourcePaths=url-server:14044:41)[39m
                             [31m│ [39m[31mat run (native)[39m
                             [31m│ [39m[31mat runWithFiberInDEV (http://10.0.2.2:8081/index.bundle//&platform=android&dev=true&lazy=true&minify=false&app=com.myfirstapp&modulesOnly=false&runModule=true&excludeSource=true&sourcePaths=url-server:9756:73)[39m
                             [31m│ [39m[31mat performUnitOfWork (http://10.0.2.2:8081/index.bundle//&platform=android&dev=true&lazy=true&minify=false&app=com.myfirstapp&modulesOnly=false&runModule=true&excludeSource=true&sourcePaths=url-server:16104:97)[39m
                             [31m│ [39m[31mat workLoopSync (http://10.0.2.2:8081/index.bundle//&platform=android&dev=true&lazy=true&minify=false&app=com.myfirstapp&modulesOnly=false&runModule=true&excludeSource=true&sourcePaths=url-server:15999:57)[39m
                             [31m│ [39m[31mat renderRootSync (http://10.0.2.2:8081/index.bundle//&platform=android&dev=true&lazy=true&minify=false&app=com.myfirstapp&modulesOnly=false&runModule=true&excludeSource=true&sourcePaths=url-server:15984:21)[39m
                             [31m│ [39m[31mat performWorkOnRoot (http://10.0.2.2:8081/index.bundle//&platform=android&dev=true&lazy=true&minify=false&app=com.myfirstapp&modulesOnly=false&runModule=true&excludeSource=true&sourcePaths=url-server:15678:43)[39m
                             [31m└ [39m[31mat performWorkOnRootViaSchedulerTask (http://10.0.2.2:8081/index.bundle//&platform=android&dev=true&lazy=true&minify=false&app=com.myfirstapp&modulesOnly=false&runModule=true&excludeSource=true&sourcePaths=url-server:11353:24)[39m
[0m
[0m[2m[16:02:38][22m I | [1mReactNative[22m ▶︎ [GESTURE HANDLER] Tearing down gesture handler registered for root view com.facebook.react.runtime.ReactSurfaceView{fa3ed91 V.E...... ......ID 0,0-1080,2400 #1}
[0m
[0m[2m[16:02:38][22m I | [1mReactNative[22m ▶︎ [GESTURE HANDLER] Initialize gesture handler for root view com.facebook.react.runtime.ReactSurfaceView{fa3ed91 V.E...... ......ID 0,0-1080,2400 #1}
[0m
[0m[2m[16:02:39][22m I | [1mReactNativeJS[22m ▶︎ [2026-08-18T10:32:39.749Z] [INFO] [AttendanceCard] Current Attendance Info - Status: Checked In, ClockIn: 2:36 PM, ClockOut: --:--
[0m
[0m[2m[16:02:40][22m I | [1mReactNativeJS[22m ▶︎ [2026-08-18T10:32:40.501Z] [INFO] [DB] getTable: read employees table, returned 4 rows
[0m
[0m[2m[16:02:40][22m I | [1mReactNativeJS[22m ▶︎ [2026-08-18T10:32:40.580Z] [INFO] [DB] getTable: read shifts table, returned 1 rows
[0m
[0m[2m[16:02:40][22m I | [1mReactNativeJS[22m ▶︎ [2026-08-18T10:32:40.605Z] [INFO] [DB] getTable: read attendance table, returned 9 rows
[0m
[0m[2m[16:02:40][22m I | [1mReactNativeJS[22m ▶︎ [2026-08-18T10:32:40.772Z] [INFO] [DB] getTable: read patrols table, returned 2 rows
[0m
[0m[2m[16:02:41][22m I | [1mReactNativeJS[22m ▶︎ [2026-08-18T10:32:41.093Z] [INFO] [DB] getTable: read leaves table, returned 1 rows
[0m
[0m[2m[16:02:41][22m I | [1mReactNativeJS[22m ▶︎ [2026-08-18T10:32:41.918Z] [INFO] [DB] getTable: read incidents table, returned 12 rows
                             [2m└ [22m[2026-08-18T10:32:41.923Z] [INFO] [DB] getTable: read employees table, returned 4 rows
[0m
[0m[2m[16:02:42][22m I | [1mReactNativeJS[22m ▶︎ [2026-08-18T10:32:42.299Z] [INFO] [DB] getTable: read messages table, returned 2 rows
[0m
[0m[2m[16:02:42][22m I | [1mReactNativeJS[22m ▶︎ [2026-08-18T10:32:42.320Z] [INFO] [DB] getTable: read employees table, returned 4 rows
[0m
[0m[2m[16:02:43][22m I | [1mReactNativeJS[22m ▶︎ [2026-08-18T10:32:43.305Z] [INFO] [DB] getTable: read notifications table, returned 18 rows
[0m
[0m[2m[16:02:43][22m I | [1mReactNativeJS[22m ▶︎ [2026-08-18T10:32:43.334Z] [INFO] [DB] getTable: read shifts table, returned 1 rows
[0m
[0m[2m[16:02:43][22m I | [1mReactNativeJS[22m ▶︎ [2026-08-18T10:32:43.435Z] [INFO] [DB] getTable: read attendance table, returned 9 rows
[0m
[0m[2m[16:02:43][22m I | [1mReactNativeJS[22m ▶︎ [2026-08-18T10:32:43.448Z] [INFO] [GuardStore] Hydration completed successfully for G-1001
[0m
[0m[2m[16:02:43][22m I | [1mReactNativeJS[22m ▶︎ [2026-08-18T10:32:43.997Z] [INFO] [DB] getTable: read patrols table, returned 2 rows
[0m
[0m[2m[16:02:44][22m I | [1mReactNativeJS[22m ▶︎ [2026-08-18T10:32:44.440Z] [INFO] [DB] getTable: read leaves table, returned 1 rows
[0m
[0m[2m[16:02:44][22m I | [1mReactNativeJS[22m ▶︎ [2026-08-18T10:32:44.483Z] [INFO] [DB] getTable: read incidents table, returned 12 rows
[0m
[0m[2m[16:02:44][22m I | [1mReactNativeJS[22m ▶︎ [2026-08-18T10:32:44.606Z] [INFO] [DB] getTable: read messages table, returned 2 rows
[0m
[0m[2m[16:02:44][22m I | [1mReactNativeJS[22m ▶︎ [2026-08-18T10:32:44.643Z] [INFO] [DB] getTable: read notifications table, returned 18 rows
[0m
[0m[2m[16:02:44][22m I | [1mReactNativeJS[22m ▶︎ [2026-08-18T10:32:44.758Z] [INFO] [GuardStore] Hydration completed successfully for G-1001
[0m
[0m[2m[16:03:57][22m I | [1mReactNativeJS[22m ▶︎ [2026-08-18T10:33:57.578Z] [INFO] [AttendanceCard] Current Attendance Info - Status: Checked In, ClockIn: 2:36 PM, ClockOut: --:--
[0m
[0m[2m[16:03:57][22m I | [1mReactNativeJS[22m ▶︎ [2026-08-18T10:33:57.889Z] [INFO] [DB] getTable: read employees table, returned 4 rows
[0m
[0m[2m[16:03:58][22m I | [1mReactNativeJS[22m ▶︎ [2026-08-18T10:33:58.034Z] [INFO] [DB] getTable: read shifts table, returned 1 rows
[0m
[0m[2m[16:03:58][22m I | [1mReactNativeJS[22m ▶︎ [2026-08-18T10:33:58.078Z] [INFO] [DB] getTable: read attendance table, returned 9 rows
[0m
[0m[2m[16:03:58][22m I | [1mReactNativeJS[22m ▶︎ [2026-08-18T10:33:58.103Z] [INFO] [DB] getTable: read patrols table, returned 2 rows
[0m
[0m[2m[16:03:58][22m I | [1mReactNativeJS[22m ▶︎ [2026-08-18T10:33:58.122Z] [INFO] [DB] getTable: read leaves table, returned 1 rows
[0m
[0m[2m[16:03:58][22m I | [1mReactNativeJS[22m ▶︎ [2026-08-18T10:33:58.141Z] [INFO] [DB] getTable: read incidents table, returned 12 rows
[0m
[0m[2m[16:03:58][22m I | [1mReactNativeJS[22m ▶︎ [2026-08-18T10:33:58.158Z] [INFO] [DB] getTable: read messages table, returned 2 rows
[0m
[0m[2m[16:03:58][22m I | [1mReactNativeJS[22m ▶︎ [2026-08-18T10:33:58.160Z] [INFO] [DB] getTable: read employees table, returned 4 rows
[0m
[0m[2m[16:03:58][22m I | [1mReactNativeJS[22m ▶︎ [2026-08-18T10:33:58.296Z] [INFO] [DB] getTable: read notifications table, returned 18 rows
[0m
[0m[2m[16:03:58][22m I | [1mReactNativeJS[22m ▶︎ [2026-08-18T10:33:58.316Z] [INFO] [DB] getTable: read employees table, returned 4 rows
[0m
[0m[2m[16:03:58][22m I | [1mReactNativeJS[22m ▶︎ [2026-08-18T10:33:58.360Z] [INFO] [DB] getTable: read shifts table, returned 1 rows
[0m
[0m[2m[16:03:58][22m I | [1mReactNativeJS[22m ▶︎ [2026-08-18T10:33:58.370Z] [INFO] [GuardStore] Hydration completed successfully for G-1001
[0m
[0m[2m[16:03:58][22m I | [1mReactNativeJS[22m ▶︎ [2026-08-18T10:33:58.734Z] [INFO] [DB] getTable: read attendance table, returned 9 rows
[0m
[0m[2m[16:03:58][22m I | [1mReactNativeJS[22m ▶︎ [2026-08-18T10:33:58.843Z] [INFO] [DB] getTable: read patrols table, returned 2 rows
[0m
[0m[2m[16:03:58][22m I | [1mReactNativeJS[22m ▶︎ [2026-08-18T10:33:58.870Z] [INFO] [DB] getTable: read leaves table, returned 1 rows
[0m
[0m[2m[16:03:58][22m I | [1mReactNativeJS[22m ▶︎ [2026-08-18T10:33:58.949Z] [INFO] [DB] getTable: read incidents table, returned 12 rows
[0m
[0m[2m[16:03:59][22m I | [1mReactNativeJS[22m ▶︎ [2026-08-18T10:33:58.985Z] [INFO] [DB] getTable: read messages table, returned 2 rows
[0m
[0m[2m[16:03:59][22m I | [1mReactNativeJS[22m ▶︎ [2026-08-18T10:33:59.018Z] [INFO] [DB] getTable: read notifications table, returned 18 rows
[0m
[0m[2m[16:03:59][22m I | [1mReactNativeJS[22m ▶︎ [2026-08-18T10:33:59.061Z] [INFO] [GuardStore] Hydration completed successfully for G-1001
[0m
[0m[2m[16:05:01][22m I | [1mReactNativeJS[22m ▶︎ [2026-08-18T10:35:01.455Z] [INFO] [DB] getTable: read employees table, returned 4 rows
[0m
[0m[2m[16:05:01][22m I | [1mReactNativeJS[22m ▶︎ [2026-08-18T10:35:01.488Z] [INFO] [DB] getTable: read shifts table, returned 1 rows
[0m
[0m[2m[16:05:01][22m I | [1mReactNativeJS[22m ▶︎ [2026-08-18T10:35:01.707Z] [INFO] [DB] getTable: read attendance table, returned 9 rows
[0m
[0m[2m[16:05:01][22m I | [1mReactNativeJS[22m ▶︎ [2026-08-18T10:35:01.978Z] [INFO] [DB] getTable: read patrols table, returned 2 rows
[0m
[0m[2m[16:05:02][22m I | [1mReactNativeJS[22m ▶︎ [2026-08-18T10:35:02.118Z] [INFO] [DB] getTable: read leaves table, returned 1 rows
                             [2m└ [22m[2026-08-18T10:35:02.161Z] [INFO] [DB] getTable: read employees table, returned 4 rows
[0m
[0m[2m[16:05:02][22m I | [1mReactNativeJS[22m ▶︎ [2026-08-18T10:35:02.379Z] [INFO] [DB] getTable: read incidents table, returned 12 rows
                             [2m└ [22m[2026-08-18T10:35:02.383Z] [INFO] [DB] getTable: read employees table, returned 4 rows
[0m
[0m[2m[16:05:02][22m I | [1mReactNativeJS[22m ▶︎ [2026-08-18T10:35:02.512Z] [INFO] [DB] getTable: read messages table, returned 2 rows
[0m
[0m[2m[16:05:02][22m I | [1mReactNativeJS[22m ▶︎ [2026-08-18T10:35:02.610Z] [INFO] [DB] getTable: read shifts table, returned 1 rows
[0m
[0m[2m[16:05:02][22m I | [1mReactNativeJS[22m ▶︎ [2026-08-18T10:35:02.751Z] [INFO] [DB] getTable: read notifications table, returned 18 rows
[0m
[0m[2m[16:05:02][22m I | [1mReactNativeJS[22m ▶︎ [2026-08-18T10:35:02.942Z] [INFO] [DB] getTable: read patrols table, returned 2 rows
                             [2m└ [22m[2026-08-18T10:35:02.972Z] [INFO] [GuardStore] Hydration completed successfully for G-1001
[0m
[0m[2m[16:05:05][22m I | [1mReactNativeJS[22m ▶︎ [2026-08-18T10:35:05.365Z] [INFO] [AttendanceCard] Current Attendance Info - Status: Checked In, ClockIn: 2:36 PM, ClockOut: --:--
[0m
[0m[2m[16:05:05][22m I | [1mReactNativeJS[22m ▶︎ [2026-08-18T10:35:05.606Z] [INFO] [DB] getTable: read leaves table, returned 1 rows
[0m
[0m[2m[16:05:06][22m I | [1mReactNativeJS[22m ▶︎ [2026-08-18T10:35:06.728Z] [INFO] [DB] getTable: read incidents table, returned 12 rows
[0m
[0m[2m[16:05:07][22m I | [1mReactNativeJS[22m ▶︎ [2026-08-18T10:35:07.208Z] [INFO] [DB] getTable: read messages table, returned 2 rows
[0m
[0m[2m[16:05:07][22m I | [1mReactNativeJS[22m ▶︎ [2026-08-18T10:35:07.327Z] [INFO] [DB] getTable: read notifications table, returned 18 rows
[0m
[0m[2m[16:05:07][22m I | [1mReactNativeJS[22m ▶︎ [2026-08-18T10:35:07.648Z] [INFO] [GuardStore] Hydration completed successfully for G-1001
[0m
[0m[2m[16:05:22][22m I | [1mReactNativeJS[22m ▶︎ [2026-08-18T10:35:22.649Z] [INFO] [DB] getTable: read employees table, returned 4 rows
[0m
[0m[2m[16:05:22][22m I | [1mReactNativeJS[22m ▶︎ [2026-08-18T10:35:22.826Z] [INFO] [DB] getTable: read patrols table, returned 2 rows
[0m
[0m[2m[16:05:22][22m I | [1mReactNativeJS[22m ▶︎ [2026-08-18T10:35:22.906Z] [INFO] [DB] getTable: read leaves table, returned 1 rows
[0m
[0m[2m[16:05:23][22m I | [1mReactNativeJS[22m ▶︎ [2026-08-18T10:35:23.054Z] [INFO] [DB] getTable: read employees table, returned 4 rows
[0m
[0m[2m[16:05:23][22m I | [1mReactNativeJS[22m ▶︎ [2026-08-18T10:35:23.423Z] [INFO] [DB] getTable: read patrols table, returned 2 rows
                             [2m└ [22m[2026-08-18T10:35:23.432Z] [INFO] [GuardStore] Hydration completed successfully for G-1001
[0m
[0m[2m[16:05:25][22m I | [1mReactNativeJS[22m ▶︎ [2026-08-18T10:35:25.071Z] [INFO] [DB] getTable: read leaves table, returned 1 rows
[0m
[0m[2m[16:05:25][22m I | [1mReactNativeJS[22m ▶︎ [2026-08-18T10:35:25.775Z] [INFO] [DB] getTable: read messages table, returned 2 rows
[0m
[0m[2m[16:05:25][22m I | [1mReactNativeJS[22m ▶︎ [2026-08-18T10:35:25.878Z] [INFO] [DB] getTable: read notifications table, returned 18 rows
[0m
[0m[2m[16:05:26][22m I | [1mReactNativeJS[22m ▶︎ [2026-08-18T10:35:26.251Z] [INFO] [GuardStore] Hydration completed successfully for G-1001
[0m
[0m[2m[16:05:30][22m I | [1mReactNativeJS[22m ▶︎ [2026-08-18T10:35:30.270Z] [INFO] [DB] getTable: read employees table, returned 4 rows
[0m
[0m[2m[16:05:30][22m I | [1mReactNativeJS[22m ▶︎ [2026-08-18T10:35:30.286Z] [INFO] [DB] getTable: read shifts table, returned 1 rows
[0m
[0m[2m[16:05:30][22m I | [1mReactNativeJS[22m ▶︎ [2026-08-18T10:35:30.464Z] [INFO] [DB] getTable: read leaves table, returned 1 rows
[0m
[0m[2m[16:05:30][22m I | [1mReactNativeJS[22m ▶︎ [2026-08-18T10:35:30.633Z] [INFO] [DB] getTable: read shifts table, returned 1 rows
[0m
[0m[2m[16:05:30][22m I | [1mReactNativeJS[22m ▶︎ [2026-08-18T10:35:30.685Z] [INFO] [DB] getTable: read notifications table, returned 18 rows
                             [2m└ [22m[2026-08-18T10:35:30.710Z] [INFO] [DB] getTable: read attendance table, returned 9 rows
[0m
[0m[2m[16:05:30][22m I | [1mReactNativeJS[22m ▶︎ [2026-08-18T10:35:30.884Z] [INFO] [GuardStore] Hydration completed successfully for G-1001
[0m
[0m[2m[16:05:32][22m I | [1mReactNativeJS[22m ▶︎ [2026-08-18T10:35:32.550Z] [INFO] [AttendanceCard] Current Attendance Info - Status: Checked In, ClockIn: 2:36 PM, ClockOut: --:--
[0m
[0m[2m[16:05:32][22m I | [1mReactNativeJS[22m ▶︎ [2026-08-18T10:35:32.765Z] [INFO] [DB] getTable: read leaves table, returned 1 rows
[0m
[0m[2m[16:05:33][22m I | [1mReactNativeJS[22m ▶︎ [2026-08-18T10:35:33.775Z] [INFO] [DB] getTable: read incidents table, returned 12 rows
[0m
[0m[2m[16:05:34][22m I | [1mReactNativeJS[22m ▶︎ [2026-08-18T10:35:34.039Z] [INFO] [DB] getTable: read messages table, returned 2 rows
[0m
[0m[2m[16:05:34][22m I | [1mReactNativeJS[22m ▶︎ [2026-08-18T10:35:34.099Z] [INFO] [DB] getTable: read notifications table, returned 18 rows
[0m
[0m[2m[16:05:34][22m I | [1mReactNativeJS[22m ▶︎ [2026-08-18T10:35:34.259Z] [INFO] [GuardStore] Hydration completed successfully for G-1001
[0m
[0m[2m[16:07:53][22m I | [1mReactNativeJS[22m ▶︎ [2026-08-18T10:37:53.590Z] [INFO] [DB] insertRow: inserting into incidents with id i-inc-1787049473588 - {"id":"i-inc-1787049473588","title":"EMERGENCY SOS ALERT","site":"Ahmedabad Plant","siteId":"s-01","reportedBy":"John Smith","reportedById":"G-1001","severity":"critical","status":"open","date":"2026-08-18","createdAt":"2026-08-18T10:37:53.588Z","details":"Emergency SOS triggered by John Smith at Ahmedabad Plant.","companyId":"c-1"}
[0m
[0m[2m[16:07:53][22m I | [1mReactNativeJS[22m ▶︎ [2026-08-18T10:37:53.977Z] [INFO] [DB] getTable: read employees table, returned 4 rows
[0m
[0m[2m[16:07:54][22m I | [1mReactNativeJS[22m ▶︎ [2026-08-18T10:37:54.007Z] [INFO] [DB] getTable: read shifts table, returned 1 rows
[0m
[0m[2m[16:07:54][22m I | [1mReactNativeJS[22m ▶︎ [2026-08-18T10:37:54.018Z] [INFO] [DB] getTable: read attendance table, returned 9 rows
[0m
[0m[2m[16:07:54][22m I | [1mReactNativeJS[22m ▶︎ [2026-08-18T10:37:54.250Z] [INFO] [DB] getTable: read patrols table, returned 2 rows
[0m
[0m[2m[16:07:54][22m I | [1mReactNativeJS[22m ▶︎ [2026-08-18T10:37:54.277Z] [INFO] [DB] getTable: read leaves table, returned 1 rows
[0m
[0m[2m[16:07:54][22m I | [1mReactNativeJS[22m ▶︎ [2026-08-18T10:37:54.290Z] [INFO] [DB] getTable: read incidents table, returned 13 rows
[0m
[0m[2m[16:07:54][22m I | [1mReactNativeJS[22m ▶︎ [2026-08-18T10:37:54.311Z] [INFO] [DB] getTable: read messages table, returned 2 rows
[0m
[0m[2m[16:07:54][22m I | [1mReactNativeJS[22m ▶︎ [2026-08-18T10:37:54.359Z] [INFO] [DB] getTable: read notifications table, returned 18 rows
[0m
[0m[2m[16:07:54][22m I | [1mReactNativeJS[22m ▶︎ [2026-08-18T10:37:54.397Z] [INFO] [GuardStore] Hydration completed successfully for G-1001
[0m
[0m[2m[16:07:59][22m I | [1mReactNativeJS[22m ▶︎ [2026-08-18T10:37:59.732Z] [INFO] [DB] getTable: read employees table, returned 4 rows
[0m
[0m[2m[16:07:59][22m I | [1mReactNativeJS[22m ▶︎ [2026-08-18T10:37:59.755Z] [INFO] [DB] getTable: read shifts table, returned 1 rows
[0m
[0m[2m[16:07:59][22m I | [1mReactNativeJS[22m ▶︎ [2026-08-18T10:37:59.791Z] [INFO] [DB] getTable: read attendance table, returned 9 rows
[0m
[0m[2m[16:08:00][22m I | [1mReactNativeJS[22m ▶︎ [2026-08-18T10:38:00.020Z] [INFO] [DB] getTable: read incidents table, returned 13 rows
                             [2m└ [22m[2026-08-18T10:38:00.022Z] [INFO] [DB] getTable: read employees table, returned 4 rows
[0m
[0m[2m[16:08:00][22m I | [1mReactNativeJS[22m ▶︎ [2026-08-18T10:38:00.185Z] [INFO] [DB] getTable: read employees table, returned 4 rows
[0m
[0m[2m[16:08:00][22m I | [1mReactNativeJS[22m ▶︎ [2026-08-18T10:38:00.627Z] [INFO] [GuardStore] Hydration completed successfully for G-1001
[0m
[0m[2m[16:08:03][22m I | [1mReactNativeJS[22m ▶︎ [2026-08-18T10:38:03.791Z] [INFO] [AttendanceCard] Current Attendance Info - Status: Checked In, ClockIn: 2:36 PM, ClockOut: --:--
[0m
[0m[2m[16:08:03][22m I | [1mReactNativeJS[22m ▶︎ [2026-08-18T10:38:03.934Z] [INFO] [DB] getTable: read attendance table, returned 9 rows
[0m
[0m[2m[16:08:04][22m I | [1mReactNativeJS[22m ▶︎ [2026-08-18T10:38:04.836Z] [INFO] [DB] getTable: read patrols table, returned 2 rows
[0m
[0m[2m[16:08:05][22m I | [1mReactNativeJS[22m ▶︎ [2026-08-18T10:38:05.199Z] [INFO] [DB] getTable: read leaves table, returned 1 rows
[0m
[0m[2m[16:08:05][22m I | [1mReactNativeJS[22m ▶︎ [2026-08-18T10:38:05.641Z] [INFO] [GuardStore] Hydration completed successfully for G-1001
[0m
[0m[2m[16:08:11][22m I | [1mReactNativeJS[22m ▶︎ [2026-08-18T10:38:11.131Z] [INFO] [DB] getTable: read employees table, returned 4 rows
[0m
[0m[2m[16:08:11][22m I | [1mReactNativeJS[22m ▶︎ [2026-08-18T10:38:11.161Z] [INFO] [DB] getTable: read shifts table, returned 1 rows
[0m
[0m[2m[16:08:11][22m I | [1mReactNativeJS[22m ▶︎ [2026-08-18T10:38:11.361Z] [INFO] [DB] getTable: read attendance table, returned 9 rows
[0m
[0m[2m[16:08:11][22m I | [1mReactNativeJS[22m ▶︎ [2026-08-18T10:38:11.416Z] [INFO] [DB] getTable: read patrols table, returned 2 rows
[0m
[0m[2m[16:08:11][22m I | [1mReactNativeJS[22m ▶︎ [2026-08-18T10:38:11.507Z] [INFO] [DB] getTable: read leaves table, returned 1 rows
[0m
[0m[2m[16:08:11][22m I | [1mReactNativeJS[22m ▶︎ [2026-08-18T10:38:11.727Z] [INFO] [DB] getTable: read incidents table, returned 13 rows
[0m
[0m[2m[16:08:12][22m I | [1mReactNativeJS[22m ▶︎ [2026-08-18T10:38:12.176Z] [INFO] [DB] getTable: read attendance table, returned 9 rows
[0m
[0m[2m[16:08:12][22m I | [1mReactNativeJS[22m ▶︎ [2026-08-18T10:38:12.349Z] [INFO] [DB] getTable: read patrols table, returned 2 rows
[0m
[0m[2m[16:08:12][22m I | [1mReactNativeJS[22m ▶︎ [2026-08-18T10:38:12.357Z] [INFO] [GuardStore] Hydration completed successfully for G-1001
[0m
[0m[2m[16:08:14][22m I | [1mReactNativeJS[22m ▶︎ [2026-08-18T10:38:14.267Z] [INFO] [AttendanceCard] Current Attendance Info - Status: Checked In, ClockIn: 2:36 PM, ClockOut: --:--
[0m
[0m[2m[16:08:14][22m I | [1mReactNativeJS[22m ▶︎ [2026-08-18T10:38:14.375Z] [INFO] [DB] getTable: read leaves table, returned 1 rows
[0m
[0m[2m[16:08:15][22m I | [1mReactNativeJS[22m ▶︎ [2026-08-18T10:38:15.060Z] [INFO] [DB] getTable: read incidents table, returned 13 rows
[0m
[0m[2m[16:08:15][22m I | [1mReactNativeJS[22m ▶︎ [2026-08-18T10:38:15.183Z] [INFO] [DB] getTable: read notifications table, returned 18 rows
[0m
[0m[2m[16:08:15][22m I | [1mReactNativeJS[22m ▶︎ [2026-08-18T10:38:15.461Z] [INFO] [GuardStore] Hydration completed successfully for G-1001
[0m
[0m[2m[16:08:19][22m [31mE |[39m [1m[31mReactNativeJS[39m[22m [31m▶︎[39m [31m'React has detected a change in the order of Hooks called by %s. This will lead to bugs and errors if not fixed. For more information, read the Rules of Hooks: https://react.dev/link/rules-of-hooks\n\n   Previous render            Next render\n   ------------------------------------------------------\n%s   ^^^^^^^^^^^^^^^^^^^^^^^^^^^^^^^^^^^^^^^^^^^^^^^^^^^^^^\n', 'LoneWorkerCard', '1. useContext                 useContext\n2. useCallback                useCallback\n3. useCallback                useCallback\n4. useSyncExternalStore       useSyncExternalStore\n5. useDebugValue              useDebugValue\n6. undefined                  useState\n'[39m
                             [31m│ [39m[31m[2026-08-18T10:38:19.841Z] [ERROR] [ConsoleError] React has detected a change in the order of Hooks called by %s. This will lead to bugs and errors if not fixed. For more information, read the Rules of Hooks: https://react.dev/link/rules-of-hooks[39m
                             [31m│ [39m[31m[39m
                             [31m│ [39m[31mPrevious render            Next render[39m
                             [31m│ [39m[31m------------------------------------------------------[39m
                             [31m│ [39m[31m%s   ^^^^^^^^^^^^^^^^^^^^^^^^^^^^^^^^^^^^^^^^^^^^^^^^^^^^^^[39m
                             [31m│ [39m[31mLoneWorkerCard 1. useContext                 useContext[39m
                             [31m│ [39m[31m2. useCallback                useCallback[39m
                             [31m│ [39m[31m3. useCallback                useCallback[39m
                             [31m│ [39m[31m4. useSyncExternalStore       useSyncExternalStore[39m
                             [31m│ [39m[31m5. useDebugValue              useDebugValue[39m
                             [31m└ [39m[31m6. undefined                  useState[39m
[0m
[0m[2m[16:08:20][22m [31mE |[39m [1m[31mReactNativeJS[39m[22m [31m▶︎[39m [31m{ [Error: Rendered more hooks than during the previous render.][39m
                             [31m│ [39m[31mcomponentStack: '\n    at LoneWorkerCard (http://10.0.2.2:8081/src/features/home/components/LoneWorkerCard.bundle//&platform=android&dev=true&lazy=true&minify=false&app=com.myfirstapp&modulesOnly=true&runModule=true&sourcePaths=url-server&shallow=true:13:101)\n    at RCTView (<anonymous>)\n    at View_withRef (address at http://10.0.2.2:8081/index.bundle?platform=android&dev=true&lazy=true&minify=false&app=com.myfirstapp&modulesOnly=false&runModule=true&excludeSource=true&sourcePaths=url-server:1:652521)\n    at RCTScrollView (<anonymous>)\n    at ScrollView (http://10.0.2.2:8081/index.bundle//&platform=android&dev=true&lazy=true&minify=false&app=com.myfirstapp&modulesOnly=false&runModule=true&excludeSource=true&sourcePaths=url-server:58054:36)\n    at ScrollView (http://10.0.2.2:8081/index.bundle//&platform=android&dev=true&lazy=true&minify=false&app=com.myfirstapp&modulesOnly=false&runModule=true&excludeSource=true&sourcePaths=url-server:58627:27)\n    at RCTView (<anonymous>)\n    at View_withRef (address at http://10.0.2.2:8081/index.bundle?platform=android&dev=true&lazy=true&minify=false&app=com.myfirstapp&modulesOnly=false&runModule=true&excludeSource=true&sourcePaths=url-server:1:652521)\n    at RCTView (<anonymous>)\n    at View_withRef (address at http://10.0.2.2:8081/index.bundle?platform=android&dev=true&lazy=true&minify=false&app=com.myfirstapp&modulesOnly=false&runModule=true&excludeSource=true&sourcePaths=url-server:1:652521)\n    at RNCSafeAreaView (<anonymous>)\n    at anonymous (http://10.0.2.2:8081/index.bundle//&platform=android&dev=true&lazy=true&minify=false&app=com.myfirstapp&modulesOnly=false&runModule=true&excludeSource=true&sourcePaths=url-server:100728:62)\n    at ScreenLayout (http://10.0.2.2:8081/index.bundle//&platform=android&dev=true&lazy=true&minify=false&app=com.myfirstapp&modulesOnly=false&runModule=true&excludeSource=true&sourcePaths=url-server:107304:22)\n    at HomeScreen (http://10.0.2.2:8081/src/features/home/screens/HomeScreen.bundle//&platform=android&dev=true&lazy=true&minify=false&app=com.myfirstapp&modulesOnly=true&runModule=true&sourcePaths=url-server&shallow=true:13:50)\n    at StaticContainer (http://10.0.2.2:8081/index.bundle//&platform=android&dev=true&lazy=true&minify=false&app=com.myfirstapp&modulesOnly=false&runModule=true&excludeSource=true&sourcePaths=url-server:95959:17)\n    at EnsureSingleNavigator (http://10.0.2.2:8081/index.bundle//&platform=android&dev=true&lazy=true&minify=false&app=com.myfirstapp&modulesOnly=false&runModule=true&excludeSource=true&sourcePaths=url-server:91163:3)\n    at SceneView (http://10.0.2.2:8081/index.bundle//&platform=android&dev=true&lazy=true&minify=false&app=com.myfirstapp&modulesOnly=false&runModule=true&excludeSource=true&sourcePaths=url-server:95832:3)\n    at NavigationProvider (http://10.0.2.2:8081/index.bundle//&platform=android&dev=true&lazy=true&minify=false&app=com.myfirstapp&modulesOnly=false&runModule=true&excludeSource=true&sourcePaths=url-server:91324:3)\n    at RNSScreenContentWrapper (<anonymous>)\n    at ScreenContentWrapper (<anonymous>)\n    at DebugContainer (http://10.0.2.2:8081/index.bundle//&platform=android&dev=true&lazy=true&minify=false&app=com.myfirstapp&modulesOnly=false&runModule=true&excludeSource=true&sourcePaths=url-server:105263:31)\n    at RNSScreen (<anonymous>)\n    at Animated(Anonymous) (http://10.0.2.2:8081/index.bundle//&platform=android&dev=true&lazy=true&minify=false&app=com.myfirstapp&modulesOnly=false&runModule=true&excludeSource=true&sourcePaths=url-server:62570:29)\n    at Suspender (http://10.0.2.2:8081/index.bundle//&platform=android&dev=true&lazy=true&minify=false&app=com.myfirstapp&modulesOnly=false&runModule=true&excludeSource=true&sourcePaths=url-server:104328:3)\n    at Suspense (<anonymous>)\n    at Freeze (http://10.0.2.2:8081/index.bundle//&platform=android&dev=true&lazy=true&minify=false&app=com.myfirstapp&modulesOnly=false&runModule=true&excludeSource=true&sourcePaths=url-server:104339:3)\n    at Dela[39m
                             [31m└ [39m[31misComponentError: true }[39m
[0m
[0m[2m[16:08:20][22m [31mE |[39m [1m[31mReactNativeJS[39m[22m [31m▶︎[39m [31m[2026-08-18T10:38:20.021Z] [ERROR] [ConsoleError] Error: Rendered more hooks than during the previous render.[39m
                             [31m│ [39m[31mError: Rendered more hooks than during the previous render.[39m
                             [31m│ [39m[31mat updateWorkInProgressHook (http://10.0.2.2:8081/index.bundle//&platform=android&dev=true&lazy=true&minify=false&app=com.myfirstapp&modulesOnly=false&runModule=true&excludeSource=true&sourcePaths=url-server:12409:22)[39m
                             [31m│ [39m[31mat updateReducer (http://10.0.2.2:8081/index.bundle//&platform=android&dev=true&lazy=true&minify=false&app=com.myfirstapp&modulesOnly=false&runModule=true&excludeSource=true&sourcePaths=url-server:12500:42)[39m
                             [31m│ [39m[31mat useState (http://10.0.2.2:8081/index.bundle//&platform=android&dev=true&lazy=true&minify=false&app=com.myfirstapp&modulesOnly=false&runModule=true&excludeSource=true&sourcePaths=url-server:18193:31)[39m
                             [31m│ [39m[31mat anonymous (http://10.0.2.2:8081/index.bundle//&platform=android&dev=true&lazy=true&minify=false&app=com.myfirstapp&modulesOnly=false&runModule=true&excludeSource=true&sourcePaths=url-server:7334:42)[39m
                             [31m│ [39m[31mat LoneWorkerCard (http://10.0.2.2:8081/src/features/home/components/LoneWorkerCard.bundle//&platform=android&dev=true&lazy=true&minify=false&app=com.myfirstapp&modulesOnly=true&runModule=true&sourcePaths=url-server&shallow=true:20:50)[39m
                             [31m│ [39m[31mat react_stack_bottom_frame (http://10.0.2.2:8081/index.bundle//&platform=android&dev=true&lazy=true&minify=false&app=com.myfirstapp&modulesOnly=false&runModule=true&excludeSource=true&sourcePaths=url-server:17664:29)[39m
                             [31m│ [39m[31mat renderWithHooks (http://10.0.2.2:8081/index.bundle//&platform=android&dev=true&lazy=true&minify=false&app=com.myfirstapp&modulesOnly=false&runModule=true&excludeSource=true&sourcePaths=url-server:12300:40)[39m
                             [31m│ [39m[31mat updateFunctionComponent (http://10.0.2.2:8081/index.bundle//&platform=android&dev=true&lazy=true&minify=false&app=com.myfirstapp&modulesOnly=false&runModule=true&excludeSource=true&sourcePaths=url-server:13586:34)[39m
                             [31m│ [39m[31mat beginWork (http://10.0.2.2:8081/index.bundle//&platform=android&dev=true&lazy=true&minify=false&app=com.myfirstapp&modulesOnly=false&runModule=true&excludeSource=true&sourcePaths=url-server:14044:41)[39m
                             [31m│ [39m[31mat run (native)[39m
                             [31m│ [39m[31mat runWithFiberInDEV (http://10.0.2.2:8081/index.bundle//&platform=android&dev=true&lazy=true&minify=false&app=com.myfirstapp&modulesOnly=false&runModule=true&excludeSource=true&sourcePaths=url-server:9756:73)[39m
                             [31m│ [39m[31mat performUnitOfWork (http://10.0.2.2:8081/index.bundle//&platform=android&dev=true&lazy=true&minify=false&app=com.myfirstapp&modulesOnly=false&runModule=true&excludeSource=true&sourcePaths=url-server:16104:97)[39m
                             [31m│ [39m[31mat workLoopSync (http://10.0.2.2:8081/index.bundle//&platform=android&dev=true&lazy=true&minify=false&app=com.myfirstapp&modulesOnly=false&runModule=true&excludeSource=true&sourcePaths=url-server:15999:57)[39m
                             [31m│ [39m[31mat renderRootSync (http://10.0.2.2:8081/index.bundle//&platform=android&dev=true&lazy=true&minify=false&app=com.myfirstapp&modulesOnly=false&runModule=true&excludeSource=true&sourcePaths=url-server:15984:21)[39m
                             [31m│ [39m[31mat performWorkOnRoot (http://10.0.2.2:8081/index.bundle//&platform=android&dev=true&lazy=true&minify=false&app=com.myfirstapp&modulesOnly=false&runModule=true&excludeSource=true&sourcePaths=url-server:15678:43)[39m
                             [31m│ [39m[31mat performSyncWorkOnRoot (http://10.0.2.2:8081/index.bundle//&platform=android&dev=true&lazy=true&minify=false&app=com.myfirstapp&modulesOnly=false&runModule=true&excludeSource=true&sourcePaths=url-server:11361:24)[39m
                             [31m│ [39m[31mat flushSyncWorkAcrossRoots_impl (http://10.0.2.2:8081/index.bundle//&platform=android&dev=true&lazy=true&minify=false&app=com.myfirstapp&modulesOnly=false&runModule=true&excludeSource=true&sourcePaths=url-server:11280:329)[39m
                             [31m│ [39m[31mat flushSyncWork (http://10.0.2.2:8081/index.bundle//&platform=android&dev=true&lazy=true&minify=false&app=com.myfirstapp&modulesOnly=false&runModule=true&excludeSource=true&sourcePaths=url-server:15795:113)[39m
                             [31m│ [39m[31mat scheduleRefresh (http://10.0.2.2:8081/index.bundle//&platform=android&dev=true&lazy=true&minify=false&app=com.myfirstapp&modulesOnly=false&runModule=true&excludeSource=true&sourcePaths=url-server:9339:22)[39m
                             [31m│ [39m[31mat apply (native)[39m
                             [31m│ [39m[31mat anonymous (http://10.0.2.2:8081/index.bundle//&platform=android&dev=true&lazy=true&minify=false&app=com.myfirstapp&modulesOnly=false&runModule=true&excludeSource=true&sourcePaths=url-server:39974:45)[39m
                             [31m│ [39m[31mat anonymous (http://10.0.2.2:8081/index.bundle//&platform=android&dev=true&lazy=true&minify=false&app=com.myfirstapp&modulesOnly=false&runModule=true&excludeSource=true&sourcePaths=url-server:51955:38)[39m
                             [31m│ [39m[31mat forEach (native)[39m
                             [31m│ [39m[31mat performReactRefresh (http://10.0.2.2:8081/index.bundle//&platform=android&dev=true&lazy=true&minify=false&app=com.myfirstapp&modulesOnly=false&runModule=true&excludeSource=true&sourcePaths=url-server:51947:39)[39m
                             [31m│ [39m[31mat performReactRefresh (http://10.0.2.2:8081/index.bundle//&platform=android&dev=true&lazy=true&minify=false&app=com.myfirstapp&modulesOnly=false&runModule=true&excludeSource=true&sourcePaths=url-server:51701:48)[39m
                             [31m└ [39m[31mat anonymous (http://10.0.2.2:8081/index.bundle//&platform=android&dev=true&lazy=true&minify=false&app=com.myfirstapp&modulesOnly=false&runModule=true&excludeSource=true&sourcePaths=url-server:442:40)[39m
[0m
[0m[2m[16:08:20][22m I | [1mReactNative[22m ▶︎ [GESTURE HANDLER] Tearing down gesture handler registered for root view com.facebook.react.runtime.ReactSurfaceView{fa3ed91 V.E...... ......ID 0,0-1080,2400 #1}
[0m
[0m[2m[16:08:30][22m I | [1mReactNative[22m ▶︎ [GESTURE HANDLER] Initialize gesture handler for root view com.facebook.react.runtime.ReactSurfaceView{fa3ed91 V.E...... ......ID 0,0-1080,2400 #1}
[0m
[0m[2m[16:08:31][22m I | [1mReactNativeJS[22m ▶︎ [2026-08-18T10:38:31.482Z] [INFO] [AttendanceCard] Current Attendance Info - Status: Checked In, ClockIn: 2:36 PM, ClockOut: --:--
[0m
[0m[2m[16:08:32][22m I | [1mReactNativeJS[22m ▶︎ [2026-08-18T10:38:32.088Z] [INFO] [DB] getTable: read employees table, returned 4 rows
[0m
[0m[2m[16:08:32][22m I | [1mReactNativeJS[22m ▶︎ [2026-08-18T10:38:32.289Z] [INFO] [DB] getTable: read shifts table, returned 1 rows
[0m
[0m[2m[16:08:32][22m I | [1mReactNativeJS[22m ▶︎ [2026-08-18T10:38:32.336Z] [INFO] [DB] getTable: read attendance table, returned 9 rows
[0m
[0m[2m[16:08:32][22m I | [1mReactNativeJS[22m ▶︎ [2026-08-18T10:38:32.400Z] [INFO] [DB] getTable: read patrols table, returned 2 rows
[0m
[0m[2m[16:08:32][22m I | [1mReactNativeJS[22m ▶︎ [2026-08-18T10:38:32.432Z] [INFO] [DB] getTable: read leaves table, returned 1 rows
[0m
[0m[2m[16:08:32][22m I | [1mReactNativeJS[22m ▶︎ [2026-08-18T10:38:32.436Z] [INFO] [DB] getTable: read employees table, returned 4 rows
[0m
[0m[2m[16:08:32][22m I | [1mReactNativeJS[22m ▶︎ [2026-08-18T10:38:32.647Z] [INFO] [DB] getTable: read incidents table, returned 13 rows
[0m
[0m[2m[16:08:32][22m I | [1mReactNativeJS[22m ▶︎ [2026-08-18T10:38:32.659Z] [INFO] [DB] getTable: read employees table, returned 4 rows
[0m
[0m[2m[16:08:32][22m I | [1mReactNativeJS[22m ▶︎ [2026-08-18T10:38:32.664Z] [INFO] [DB] getTable: read messages table, returned 2 rows
[0m
[0m[2m[16:08:32][22m I | [1mReactNativeJS[22m ▶︎ [2026-08-18T10:38:32.779Z] [INFO] [DB] getTable: read shifts table, returned 1 rows
[0m
[0m[2m[16:08:32][22m I | [1mReactNativeJS[22m ▶︎ [2026-08-18T10:38:32.791Z] [INFO] [DB] getTable: read notifications table, returned 18 rows
[0m
[0m[2m[16:08:32][22m I | [1mReactNativeJS[22m ▶︎ [2026-08-18T10:38:32.801Z] [INFO] [DB] getTable: read attendance table, returned 9 rows
[0m
[0m[2m[16:08:32][22m I | [1mReactNativeJS[22m ▶︎ [2026-08-18T10:38:32.908Z] [INFO] [DB] getTable: read patrols table, returned 2 rows
[0m
[0m[2m[16:08:32][22m I | [1mReactNativeJS[22m ▶︎ [2026-08-18T10:38:32.912Z] [INFO] [GuardStore] Hydration completed successfully for G-1001
[0m
[0m[2m[16:08:33][22m I | [1mReactNativeJS[22m ▶︎ [2026-08-18T10:38:33.191Z] [INFO] [DB] getTable: read leaves table, returned 1 rows
[0m
[0m[2m[16:08:33][22m I | [1mReactNativeJS[22m ▶︎ [2026-08-18T10:38:33.367Z] [INFO] [DB] getTable: read incidents table, returned 13 rows
[0m
[0m[2m[16:08:33][22m I | [1mReactNativeJS[22m ▶︎ [2026-08-18T10:38:33.442Z] [INFO] [DB] getTable: read messages table, returned 2 rows
[0m
[0m[2m[16:08:33][22m I | [1mReactNativeJS[22m ▶︎ [2026-08-18T10:38:33.464Z] [INFO] [DB] getTable: read notifications table, returned 18 rows
[0m
[0m[2m[16:08:33][22m I | [1mReactNativeJS[22m ▶︎ [2026-08-18T10:38:33.495Z] [INFO] [GuardStore] Hydration completed successfully for G-1001
[0m
[0m[2m[16:08:50][22m I | [1mReactNativeJS[22m ▶︎ [2026-08-18T10:38:50.859Z] [INFO] [DB] getTable: read employees table, returned 4 rows
[0m
[0m[2m[16:08:50][22m I | [1mReactNativeJS[22m ▶︎ [2026-08-18T10:38:50.881Z] [INFO] [DB] getTable: read shifts table, returned 1 rows
[0m
[0m[2m[16:08:51][22m I | [1mReactNativeJS[22m ▶︎ [2026-08-18T10:38:50.996Z] [INFO] [DB] getTable: read attendance table, returned 9 rows
[0m
[0m[2m[16:08:51][22m I | [1mReactNativeJS[22m ▶︎ [2026-08-18T10:38:51.744Z] [INFO] [DB] getTable: read patrols table, returned 2 rows
[0m
[0m[2m[16:08:51][22m I | [1mReactNativeJS[22m ▶︎ [2026-08-18T10:38:51.903Z] [INFO] [DB] getTable: read leaves table, returned 1 rows
[0m
[0m[2m[16:08:52][22m I | [1mReactNativeJS[22m ▶︎ [2026-08-18T10:38:52.068Z] [INFO] [GuardStore] Hydration completed successfully for G-1001
[0m
[0m[2m[16:08:54][22m I | [1mReactNativeJS[22m ▶︎ [2026-08-18T10:38:54.367Z] [INFO] [AttendanceCard] Current Attendance Info - Status: Checked In, ClockIn: 2:36 PM, ClockOut: --:--
[0m
[0m[2m[16:08:54][22m I | [1mReactNativeJS[22m ▶︎ [2026-08-18T10:38:54.665Z] [INFO] [DB] getTable: read incidents table, returned 13 rows
[0m
[0m[2m[16:08:55][22m I | [1mReactNativeJS[22m ▶︎ [2026-08-18T10:38:55.741Z] [INFO] [DB] getTable: read messages table, returned 2 rows
[0m
[0m[2m[16:08:56][22m I | [1mReactNativeJS[22m ▶︎ [2026-08-18T10:38:56.278Z] [INFO] [DB] getTable: read notifications table, returned 18 rows
[0m
[0m[2m[16:08:56][22m I | [1mReactNativeJS[22m ▶︎ [2026-08-18T10:38:56.405Z] [INFO] [GuardStore] Hydration completed successfully for G-1001
[0m
[0m[2m[16:09:55][22m I | [1mReactNativeJS[22m ▶︎ [2026-08-18T10:39:55.610Z] [INFO] [DB] getTable: read employees table, returned 4 rows
[0m
[0m[2m[16:09:55][22m I | [1mReactNativeJS[22m ▶︎ [2026-08-18T10:39:55.674Z] [INFO] [DB] getTable: read employees table, returned 4 rows
[0m
[0m[2m[16:09:55][22m I | [1mReactNativeJS[22m ▶︎ [2026-08-18T10:39:55.732Z] [INFO] [DB] getTable: read shifts table, returned 1 rows
[0m
[0m[2m[16:09:55][22m I | [1mReactNativeJS[22m ▶︎ [2026-08-18T10:39:55.796Z] [INFO] [DB] getTable: read attendance table, returned 9 rows
[0m
[0m[2m[16:09:55][22m I | [1mReactNativeJS[22m ▶︎ [2026-08-18T10:39:55.863Z] [INFO] [DB] getTable: read patrols table, returned 2 rows
[0m
[0m[2m[16:09:55][22m I | [1mReactNativeJS[22m ▶︎ [2026-08-18T10:39:55.954Z] [INFO] [DB] getTable: read leaves table, returned 1 rows
[0m
[0m[2m[16:09:55][22m I | [1mReactNativeJS[22m ▶︎ [2026-08-18T10:39:55.984Z] [INFO] [DB] getTable: read incidents table, returned 13 rows
[0m
[0m[2m[16:09:56][22m I | [1mReactNativeJS[22m ▶︎ [2026-08-18T10:39:56.069Z] [INFO] [DB] getTable: read messages table, returned 2 rows
[0m
[0m[2m[16:09:56][22m I | [1mReactNativeJS[22m ▶︎ [2026-08-18T10:39:56.165Z] [INFO] [DB] getTable: read notifications table, returned 18 rows
[0m
[0m[2m[16:09:56][22m I | [1mReactNativeJS[22m ▶︎ [2026-08-18T10:39:56.275Z] [INFO] [GuardStore] Hydration completed successfully for G-1001
[0m
[0m[2m[16:09:59][22m I | [1mReactNativeJS[22m ▶︎ [2026-08-18T10:39:59.180Z] [INFO] [AttendanceCard] Current Attendance Info - Status: Checked In, ClockIn: 2:36 PM, ClockOut: --:--
[0m
[0m[2m[16:12:11][22m I | [1mReactNativeJS[22m ▶︎ [2026-08-18T10:42:11.737Z] [INFO] [DB] getTable: read sites table, returned 0 rows
[0m
[0m[2m[16:26:09][22m I | [1mReactNative[22m ▶︎ [GESTURE HANDLER] Tearing down gesture handler registered for root view com.facebook.react.runtime.ReactSurfaceView{fa3ed91 V.E...... .......D 0,0-1080,2400 #1}
[0m
[0m[2m[16:26:13][22m [33mW |[39m [1m[33mReactNativeJS[39m[22m [33m▶︎[39m [33mCannot connect to Metro.[39m
                             [33m│ [39m[33m[39m
                             [33m│ [39m[33mTry the following to fix the issue:[39m
                             [33m│ [39m[33m- Ensure that Metro is running and available on the same network[39m
                             [33m│ [39m[33m- Ensure that your device/emulator is connected to your machine and has USB debugging enabled - run 'adb devices' to see a list of connected devices[39m
                             [33m│ [39m[33m- If you're on a physical device connected to the same machine, run 'adb reverse tcp:8081 tcp:8081' to forward requests from your device[39m
                             [33m│ [39m[33m- If your device is on the same Wi-Fi network, set 'Debug server host & port for device' in 'Dev settings' to your machine's IP address and the port of the local dev server - e.g. 10.0.1.1:8081[39m
                             [33m│ [39m[33m[39m
                             [33m│ [39m[33mURL: 10.0.2.2:8081[39m
                             [33m│ [39m[33m[39m
                             [33m└ [39m[33mError: undefined[39m
[0m
[0m[2m[16:26:13][22m [33mW |[39m [1m[33mReactNativeJS[39m[22m [33m▶︎[39m [33m[2026-08-18T10:56:13.310Z] [WARN] [ConsoleWarn] Cannot connect to Metro.[39m
                             [33m│ [39m[33m[39m
                             [33m│ [39m[33mTry the following to fix the issue:[39m
                             [33m│ [39m[33m- Ensure that Metro is running and available on the same network[39m
                             [33m│ [39m[33m- Ensure that your device/emulator is connected to your machine and has USB debugging enabled - run 'adb devices' to see a list of connected devices[39m
                             [33m│ [39m[33m- If you're on a physical device connected to the same machine, run 'adb reverse tcp:8081 tcp:8081' to forward requests from your device[39m
                             [33m│ [39m[33m- If your device is on the same Wi-Fi network, set 'Debug server host & port for device' in 'Dev settings' to your machine's IP address and the port of the local dev server - e.g. 10.0.1.1:8081[39m
                             [33m│ [39m[33m[39m
                             [33m│ [39m[33mURL: 10.0.2.2:8081[39m
                             [33m│ [39m[33m[39m
                             [33m└ [39m[33mError: undefined[39m
[0m
[0m[2m[17:07:49][22m I | [1mReactNativeJS[22m ▶︎ Running "MyFirstApp" with {"rootTag":51,"initialProps":{},"fabric":true}
[0m
[0m[2m[17:07:49][22m I | [1mReactNative[22m ▶︎ [GESTURE HANDLER] Initialize gesture handler for root view com.facebook.react.runtime.ReactSurfaceView{be23851 V.E...... ......ID 0,0-1080,2400 #33}
[0m
[0m[2m[17:07:51][22m I | [1mReactNativeJS[22m ▶︎ [2026-08-18T11:37:51.491Z] [INFO] [AttendanceCard] Current Attendance Info - Status: Checked In, ClockIn: 2:36 PM, ClockOut: --:--
[0m
[0m[2m[17:07:52][22m I | [1mReactNativeJS[22m ▶︎ [2026-08-18T11:37:52.635Z] [INFO] [DB] getTable: read employees table, returned 4 rows
[0m
[0m[2m[17:07:52][22m I | [1mReactNativeJS[22m ▶︎ [2026-08-18T11:37:52.672Z] [INFO] [DB] getTable: read shifts table, returned 1 rows
[0m
[0m[2m[17:07:52][22m I | [1mReactNativeJS[22m ▶︎ [2026-08-18T11:37:52.700Z] [INFO] [DB] getTable: read attendance table, returned 9 rows
[0m
[0m[2m[17:07:52][22m I | [1mReactNativeJS[22m ▶︎ [2026-08-18T11:37:52.716Z] [INFO] [DB] getTable: read patrols table, returned 2 rows
[0m
[0m[2m[17:07:52][22m I | [1mReactNativeJS[22m ▶︎ [2026-08-18T11:37:52.739Z] [INFO] [DB] getTable: read employees table, returned 4 rows
[0m
[0m[2m[17:07:52][22m I | [1mReactNativeJS[22m ▶︎ [2026-08-18T11:37:52.874Z] [INFO] [DB] getTable: read leaves table, returned 1 rows
[0m
[0m[2m[17:07:52][22m I | [1mReactNativeJS[22m ▶︎ [2026-08-18T11:37:52.883Z] [INFO] [DB] getTable: read employees table, returned 4 rows
[0m
[0m[2m[17:07:52][22m I | [1mReactNativeJS[22m ▶︎ [2026-08-18T11:37:52.895Z] [INFO] [DB] getTable: read incidents table, returned 13 rows
[0m
[0m[2m[17:07:52][22m I | [1mReactNativeJS[22m ▶︎ [2026-08-18T11:37:52.904Z] [INFO] [DB] getTable: read shifts table, returned 1 rows
[0m
[0m[2m[17:07:52][22m I | [1mReactNativeJS[22m ▶︎ [2026-08-18T11:37:52.918Z] [INFO] [DB] getTable: read messages table, returned 2 rows
[0m
[0m[2m[17:07:52][22m I | [1mReactNativeJS[22m ▶︎ [2026-08-18T11:37:52.934Z] [INFO] [DB] getTable: read attendance table, returned 9 rows
[0m
[0m[2m[17:07:52][22m I | [1mReactNativeJS[22m ▶︎ [2026-08-18T11:37:52.936Z] [INFO] [DB] getTable: read notifications table, returned 18 rows
[0m
[0m[2m[17:07:52][22m I | [1mReactNativeJS[22m ▶︎ [2026-08-18T11:37:52.988Z] [INFO] [DB] getTable: read patrols table, returned 2 rows
[0m
[0m[2m[17:07:53][22m I | [1mReactNativeJS[22m ▶︎ [2026-08-18T11:37:53.022Z] [INFO] [DB] getTable: read leaves table, returned 1 rows
[0m
[0m[2m[17:07:53][22m I | [1mReactNativeJS[22m ▶︎ [2026-08-18T11:37:53.024Z] [INFO] [GuardStore] Hydration completed successfully for G-1001
[0m
[0m[2m[17:07:53][22m I | [1mReactNativeJS[22m ▶︎ [2026-08-18T11:37:53.266Z] [INFO] [DB] getTable: read incidents table, returned 13 rows
[0m
[0m[2m[17:07:53][22m I | [1mReactNativeJS[22m ▶︎ [2026-08-18T11:37:53.377Z] [INFO] [DB] getTable: read messages table, returned 2 rows
[0m
[0m[2m[17:07:53][22m I | [1mReactNativeJS[22m ▶︎ [2026-08-18T11:37:53.399Z] [INFO] [DB] getTable: read notifications table, returned 18 rows
[0m
[0m[2m[17:07:53][22m I | [1mReactNativeJS[22m ▶︎ [2026-08-18T11:37:53.430Z] [INFO] [GuardStore] Hydration completed successfully for G-1001
[0m
[0m[2m[17:09:27][22m I | [1mReactNativeJS[22m ▶︎ Running "MyFirstApp" with {"rootTag":1,"initialProps":{},"fabric":true}
[0m
[0m[2m[17:09:30][22m I | [1mReactNative[22m ▶︎ [GESTURE HANDLER] Initialize gesture handler for root view com.facebook.react.runtime.ReactSurfaceView{5bbfa82 V.E...... ......ID 0,0-1080,2400 #1}
[0m
[0m[2m[17:09:32][22m I | [1mReactNativeJS[22m ▶︎ [2026-08-18T11:39:32.688Z] [INFO] [DB] getTable: read employees table, returned 4 rows
[0m
[0m[2m[17:09:32][22m I | [1mReactNativeJS[22m ▶︎ [2026-08-18T11:39:32.901Z] [INFO] [DB] getTable: read employees table, returned 4 rows
[0m
[0m[2m[17:09:32][22m I | [1mReactNativeJS[22m ▶︎ [2026-08-18T11:39:32.941Z] [INFO] [DB] getTable: read shifts table, returned 1 rows
[0m
[0m[2m[17:09:33][22m I | [1mReactNativeJS[22m ▶︎ [2026-08-18T11:39:33.170Z] [INFO] [DB] getTable: read attendance table, returned 9 rows
[0m
[0m[2m[17:09:33][22m I | [1mReactNativeJS[22m ▶︎ [2026-08-18T11:39:33.322Z] [INFO] [DB] getTable: read patrols table, returned 2 rows
[0m
[0m[2m[17:09:33][22m I | [1mReactNativeJS[22m ▶︎ [2026-08-18T11:39:33.512Z] [INFO] [DB] getTable: read leaves table, returned 1 rows
[0m
[0m[2m[17:09:33][22m I | [1mReactNativeJS[22m ▶︎ [2026-08-18T11:39:33.594Z] [INFO] [DB] getTable: read incidents table, returned 13 rows
[0m
[0m[2m[17:09:33][22m I | [1mReactNativeJS[22m ▶︎ [2026-08-18T11:39:33.780Z] [INFO] [DB] getTable: read messages table, returned 2 rows
[0m
[0m[2m[17:09:34][22m I | [1mReactNativeJS[22m ▶︎ [2026-08-18T11:39:34.144Z] [INFO] [DB] getTable: read notifications table, returned 18 rows
[0m
[0m[2m[17:09:35][22m I | [1mReactNativeJS[22m ▶︎ [2026-08-18T11:39:35.228Z] [INFO] [GuardStore] Hydration completed successfully for G-1001
[0m
[0m[2m[17:09:41][22m I | [1mReactNativeJS[22m ▶︎ [2026-08-18T11:39:41.814Z] [INFO] [AttendanceCard] Current Attendance Info - Status: Checked In, ClockIn: 2:36 PM, ClockOut: --:--
[0m
[0m[2m[17:10:26][22m I | [1mReactNativeJS[22m ▶︎ [2026-08-18T11:40:26.435Z] [INFO] [ClockInOutActionCard] Clock Out tapped
[0m
[0m[2m[17:10:26][22m I | [1mReactNativeJS[22m ▶︎ [2026-08-18T11:40:26.973Z] [INFO] [SelfieVerificationScreen] Attendance Info - Status: Checked In, ClockIn: 2:36 PM, ClockOut: --:--
[0m
[0m[2m[17:12:33][22m [33mW |[39m [1m[33mReactNativeJS[39m[22m [33m▶︎[39m [33mCannot connect to Metro.[39m
                             [33m│ [39m[33m[39m
                             [33m│ [39m[33mTry the following to fix the issue:[39m
                             [33m│ [39m[33m- Ensure that Metro is running and available on the same network[39m
                             [33m│ [39m[33m- Ensure that your device/emulator is connected to your machine and has USB debugging enabled - run 'adb devices' to see a list of connected devices[39m
                             [33m│ [39m[33m- If you're on a physical device connected to the same machine, run 'adb reverse tcp:8081 tcp:8081' to forward requests from your device[39m
                             [33m│ [39m[33m- If your device is on the same Wi-Fi network, set 'Debug server host & port for device' in 'Dev settings' to your machine's IP address and the port of the local dev server - e.g. 10.0.1.1:8081[39m
                             [33m│ [39m[33m[39m
                             [33m│ [39m[33mURL: 10.0.2.2:8081[39m
                             [33m│ [39m[33m[39m
                             [33m│ [39m[33mError: undefined[39m
                             [33m│ [39m[33m[2026-08-18T11:42:33.048Z] [WARN] [ConsoleWarn] Cannot connect to Metro.[39m
                             [33m│ [39m[33m[39m
                             [33m│ [39m[33mTry the following to fix the issue:[39m
                             [33m│ [39m[33m- Ensure that Metro is running and available on the same network[39m
                             [33m│ [39m[33m- Ensure that your device/emulator is connected to your machine and has USB debugging enabled - run 'adb devices' to see a list of connected devices[39m
                             [33m│ [39m[33m- If you're on a physical device connected to the same machine, run 'adb reverse tcp:8081 tcp:8081' to forward requests from your device[39m
                             [33m│ [39m[33m- If your device is on the same Wi-Fi network, set 'Debug server host & port for device' in 'Dev settings' to your machine's IP address and the port of the local dev server - e.g. 10.0.1.1:8081[39m
                             [33m│ [39m[33m[39m
                             [33m│ [39m[33mURL: 10.0.2.2:8081[39m
                             [33m│ [39m[33m[39m
                             [33m└ [39m[33mError: undefined[39m
[0m
[0m[2m[17:12:42][22m I | [1mReactNativeJS[22m ▶︎ [2026-08-18T11:42:42.194Z] [INFO] [SelfieVerificationScreen] Confirming Clock Out
[0m
[0m[2m[17:12:42][22m I | [1mReactNativeJS[22m ▶︎ [2026-08-18T11:42:42.231Z] [INFO] [DB] getTable: read attendance table, returned 9 rows
[0m
[0m[2m[17:12:42][22m I | [1mReactNativeJS[22m ▶︎ [2026-08-18T11:42:42.252Z] [INFO] [DB] updateRow: updating row id att-1787043973660 in table attendance with updates: {"clockOut":"2026-08-18T11:42:42.236Z","workingHours":"2.61 hrs"}
[0m
[0m[2m[17:12:42][22m I | [1mReactNativeJS[22m ▶︎ [2026-08-18T11:42:42.327Z] [INFO] [DB] getTable: read attendance table, returned 9 rows
[0m
[0m[2m[17:12:42][22m I | [1mReactNativeJS[22m ▶︎ [2026-08-18T11:42:42.398Z] [INFO] [DB] saveTable: saved 9 rows to attendance table
[0m
[0m[2m[17:12:42][22m I | [1mReactNativeJS[22m ▶︎ [2026-08-18T11:42:42.416Z] [INFO] [DB] insertRow: inserting into notifications with id notif-1787053362400 - {"id":"notif-1787053362400","userId":"G-1001","title":"Clocked Out Successfully","message":"You clocked out at 5:12 PM. Total: 2.61 hrs.","read":false,"createdAt":"2026-08-18T11:42:42.410Z"}
[0m
[0m[2m[17:12:42][22m I | [1mReactNativeJS[22m ▶︎ [2026-08-18T11:42:42.603Z] [INFO] [DB] getTable: read notifications table, returned 18 rows
[0m
[0m[2m[17:12:42][22m I | [1mReactNativeJS[22m ▶︎ [2026-08-18T11:42:42.728Z] [INFO] [DB] saveTable: saved 19 rows to notifications table
[0m
[0m[2m[17:12:42][22m I | [1mReactNativeJS[22m ▶︎ [2026-08-18T11:42:42.731Z] [INFO] [useGuardStore] clockOut update complete for record att-1787043973660
[0m
[0m[2m[17:12:42][22m I | [1mReactNativeJS[22m ▶︎ [2026-08-18T11:42:42.770Z] [INFO] [DB] getTable: read employees table, returned 4 rows
[0m
[0m[2m[17:12:42][22m I | [1mReactNativeJS[22m ▶︎ [2026-08-18T11:42:42.821Z] [INFO] [DB] getTable: read shifts table, returned 1 rows
[0m
[0m[2m[17:12:42][22m I | [1mReactNativeJS[22m ▶︎ [2026-08-18T11:42:42.847Z] [INFO] [DB] getTable: read attendance table, returned 9 rows
[0m
[0m[2m[17:12:42][22m I | [1mReactNativeJS[22m ▶︎ [2026-08-18T11:42:42.878Z] [INFO] [DB] getTable: read patrols table, returned 2 rows
[0m
[0m[2m[17:12:43][22m I | [1mReactNativeJS[22m ▶︎ [2026-08-18T11:42:43.084Z] [INFO] [DB] getTable: read leaves table, returned 1 rows
[0m
[0m[2m[17:12:43][22m I | [1mReactNativeJS[22m ▶︎ [2026-08-18T11:42:43.114Z] [INFO] [DB] getTable: read incidents table, returned 13 rows
[0m
[0m[2m[17:12:43][22m I | [1mReactNativeJS[22m ▶︎ [2026-08-18T11:42:43.144Z] [INFO] [DB] getTable: read messages table, returned 2 rows
[0m
[0m[2m[17:12:43][22m I | [1mReactNativeJS[22m ▶︎ [2026-08-18T11:42:43.160Z] [INFO] [DB] getTable: read notifications table, returned 19 rows
[0m
[0m[2m[17:12:43][22m I | [1mReactNativeJS[22m ▶︎ [2026-08-18T11:42:43.206Z] [INFO] [GuardStore] Hydration completed successfully for G-1001
[0m
[0m[2m[17:12:43][22m I | [1mReactNativeJS[22m ▶︎ [2026-08-18T11:42:43.552Z] [INFO] [AttendanceCard] Current Attendance Info - Status: Checked Out, ClockIn: 1:14 PM, ClockOut: 1:20 PM
[0m
[0m[2m[17:12:43][22m I | [1mReactNativeJS[22m ▶︎ [2026-08-18T11:42:43.572Z] [INFO] [SelfieVerificationScreen] Attendance Info - Status: Checked Out, ClockIn: 1:14 PM, ClockOut: 1:20 PM
[0m
[0m[2m[17:12:43][22m I | [1mReactNativeJS[22m ▶︎ [2026-08-18T11:42:43.575Z] [INFO] [useGuardStore] clockOut completed successfully for G-1001
[0m
[0m[2m[17:30:21][22m I | [1mReactNativeJS[22m ▶︎ [2026-08-18T12:00:21.146Z] [INFO] [DB] updateRow: updating row id patrol-1787046179893 in table patrols with updates: {"scanned":1,"status":"in_progress","endTime":""}
[0m
[0m[2m[17:30:21][22m I | [1mReactNativeJS[22m ▶︎ [2026-08-18T12:00:21.157Z] [INFO] [DB] getTable: read patrols table, returned 2 rows
[0m
[0m[2m[17:30:21][22m I | [1mReactNativeJS[22m ▶︎ [2026-08-18T12:00:21.176Z] [INFO] [DB] saveTable: saved 2 rows to patrols table
[0m
[0m[2m[17:30:21][22m I | [1mReactNativeJS[22m ▶︎ [2026-08-18T12:00:21.179Z] [INFO] [DB] insertRow: inserting into notifications with id notif-1787054421179 - {"id":"notif-1787054421179","userId":"G-1001","title":"Checkpoint Scanned","message":"Main Gate recorded at 5:30 PM.","read":false,"createdAt":"2026-08-18T12:00:21.179Z"}
[0m
[0m[2m[17:30:21][22m I | [1mReactNativeJS[22m ▶︎ [2026-08-18T12:00:21.214Z] [INFO] [DB] getTable: read notifications table, returned 19 rows
[0m
[0m[2m[17:30:21][22m I | [1mReactNativeJS[22m ▶︎ [2026-08-18T12:00:21.242Z] [INFO] [DB] saveTable: saved 20 rows to notifications table
[0m
[0m[2m[17:30:22][22m I | [1mReactNativeJS[22m ▶︎ [2026-08-18T12:00:22.031Z] [INFO] [DB] getTable: read leaves table, returned 1 rows
[0m
[0m[2m[17:30:22][22m I | [1mReactNativeJS[22m ▶︎ [2026-08-18T12:00:22.205Z] [INFO] [DB] getTable: read notifications table, returned 20 rows
[0m
[0m[2m[17:30:22][22m I | [1mReactNativeJS[22m ▶︎ [2026-08-18T12:00:22.309Z] [INFO] [GuardStore] Hydration completed successfully for G-1001
[0m
[0m[2m[17:31:09][22m I | [1mReactNativeJS[22m ▶︎ [2026-08-18T12:01:09.731Z] [INFO] [ClockInOutActionCard] Clock In tapped
[0m
[0m[2m[17:31:18][22m I | [1mReactNativeJS[22m ▶︎ [2026-08-18T12:01:18.880Z] [INFO] [ClockInOutActionCard] Clock In tapped
[0m
[0m[2m[17:31:28][22m I | [1mReactNativeJS[22m ▶︎ [2026-08-18T12:01:28.974Z] [INFO] [ClockInOutActionCard] Clock In tapped
[0m
[0m[2m[17:31:47][22m I | [1mReactNativeJS[22m ▶︎ [2026-08-18T12:01:47.422Z] [INFO] [DB] getTable: read sites table, returned 0 rows
[0m
[0m[2m[17:33:29][22m I | [1mReactNativeJS[22m ▶︎ [2026-08-18T12:03:29.519Z] [INFO] [DB] getTable: read sites table, returned 0 rows
[0m
[0m[2m[17:35:04][22m I | [1mReactNative[22m ▶︎ [GESTURE HANDLER] Tearing down gesture handler registered for root view com.facebook.react.runtime.ReactSurfaceView{5bbfa82 V.E...... ........ 0,0-1080,2400 #1}
[0m
[0m[2m[17:35:10][22m I | [1mReactNativeJS[22m ▶︎ Running "MyFirstApp" with {"rootTag":1,"initialProps":{},"fabric":true}
[0m
[0m[2m[17:35:11][22m I | [1mReactNative[22m ▶︎ [GESTURE HANDLER] Initialize gesture handler for root view com.facebook.react.runtime.ReactSurfaceView{5bbfa82 V.E...... ......ID 0,0-1080,2400 #1}
[0m
[0m[2m[17:35:12][22m I | [1mReactNativeJS[22m ▶︎ [2026-08-18T12:05:12.107Z] [INFO] [DB] getTable: read employees table, returned 4 rows
[0m
[0m[2m[17:35:12][22m I | [1mReactNativeJS[22m ▶︎ [2026-08-18T12:05:12.173Z] [INFO] [DB] getTable: read employees table, returned 4 rows
[0m
[0m[2m[17:35:12][22m I | [1mReactNativeJS[22m ▶︎ [2026-08-18T12:05:12.253Z] [INFO] [DB] getTable: read shifts table, returned 1 rows
[0m
[0m[2m[17:35:12][22m I | [1mReactNativeJS[22m ▶︎ [2026-08-18T12:05:12.306Z] [INFO] [DB] getTable: read attendance table, returned 9 rows
[0m
[0m[2m[17:35:12][22m I | [1mReactNativeJS[22m ▶︎ [2026-08-18T12:05:12.413Z] [INFO] [DB] getTable: read patrols table, returned 2 rows
[0m
[0m[2m[17:35:12][22m I | [1mReactNativeJS[22m ▶︎ [2026-08-18T12:05:12.471Z] [INFO] [DB] getTable: read leaves table, returned 1 rows
[0m
[0m[2m[17:35:12][22m I | [1mReactNativeJS[22m ▶︎ [2026-08-18T12:05:12.574Z] [INFO] [DB] getTable: read incidents table, returned 13 rows
[0m
[0m[2m[17:35:12][22m I | [1mReactNativeJS[22m ▶︎ [2026-08-18T12:05:12.710Z] [INFO] [DB] getTable: read messages table, returned 2 rows
[0m
[0m[2m[17:35:12][22m I | [1mReactNativeJS[22m ▶︎ [2026-08-18T12:05:12.763Z] [INFO] [DB] getTable: read notifications table, returned 20 rows
[0m
[0m[2m[17:35:13][22m I | [1mReactNativeJS[22m ▶︎ [2026-08-18T12:05:13.010Z] [INFO] [GuardStore] Hydration completed successfully for G-1001
[0m
[0m[2m[17:35:16][22m I | [1mReactNativeJS[22m ▶︎ [2026-08-18T12:05:16.336Z] [INFO] [AttendanceCard] Current Attendance Info - Status: Checked Out, ClockIn: 1:14 PM, ClockOut: 1:20 PM
[0m
[0m[2m[17:35:28][22m I | [1mReactNativeJS[22m ▶︎ [2026-08-18T12:05:28.693Z] [INFO] [DB] getTable: seeded 3 rows to sites
[0m
[0m[2m[17:35:28][22m I | [1mReactNativeJS[22m ▶︎ [2026-08-18T12:05:28.695Z] [INFO] [DB] getTable: read sites table, returned 3 rows
[0m
[0m[2m[17:35:35][22m I | [1mReactNativeJS[22m ▶︎ [2026-08-18T12:05:35.499Z] [INFO] [DB] getTable: read sites table, returned 3 rows
[0m
[0m[2m[17:36:41][22m I | [1mReactNativeJS[22m ▶︎ [2026-08-18T12:06:41.929Z] [INFO] [DB] getTable: read sites table, returned 3 rows
[0m
[0m[2m[17:36:47][22m I | [1mReactNativeJS[22m ▶︎ [2026-08-18T12:06:47.357Z] [INFO] [DB] getTable: read sites table, returned 3 rows
[0m
[0m[2m[17:36:54][22m I | [1mReactNativeJS[22m ▶︎ [2026-08-18T12:06:54.272Z] [INFO] [ClockInOutActionCard] Clock In tapped
[0m
[0m[2m[17:36:54][22m I | [1mReactNativeJS[22m ▶︎ [2026-08-18T12:06:54.717Z] [INFO] [SelfieVerificationScreen] Attendance Info - Status: Checked Out, ClockIn: 1:14 PM, ClockOut: 1:20 PM
[0m
[0m[2m[17:37:10][22m I | [1mReactNativeJS[22m ▶︎ [2026-08-18T12:07:10.874Z] [INFO] [ClockInOutActionCard] Clock In tapped
[0m
[0m[2m[17:37:22][22m [33mW |[39m [1m[33mReactNativeJS[39m[22m [33m▶︎[39m [33mCannot connect to Metro.[39m
                             [33m│ [39m[33m[39m
                             [33m│ [39m[33mTry the following to fix the issue:[39m
                             [33m│ [39m[33m- Ensure that Metro is running and available on the same network[39m
                             [33m│ [39m[33m- Ensure that your device/emulator is connected to your machine and has USB debugging enabled - run 'adb devices' to see a list of connected devices[39m
                             [33m│ [39m[33m- If you're on a physical device connected to the same machine, run 'adb reverse tcp:8081 tcp:8081' to forward requests from your device[39m
                             [33m│ [39m[33m- If your device is on the same Wi-Fi network, set 'Debug server host & port for device' in 'Dev settings' to your machine's IP address and the port of the local dev server - e.g. 10.0.1.1:8081[39m
                             [33m│ [39m[33m[39m
                             [33m│ [39m[33mURL: 10.0.2.2:8081[39m
                             [33m│ [39m[33m[39m
                             [33m└ [39m[33mError: undefined[39m
[0m
[0m[2m[17:37:22][22m [33mW |[39m [1m[33mReactNativeJS[39m[22m [33m▶︎[39m [33m[2026-08-18T12:07:22.153Z] [WARN] [ConsoleWarn] Cannot connect to Metro.[39m
                             [33m│ [39m[33m[39m
                             [33m│ [39m[33mTry the following to fix the issue:[39m
                             [33m│ [39m[33m- Ensure that Metro is running and available on the same network[39m
                             [33m│ [39m[33m- Ensure that your device/emulator is connected to your machine and has USB debugging enabled - run 'adb devices' to see a list of connected devices[39m
                             [33m│ [39m[33m- If you're on a physical device connected to the same machine, run 'adb reverse tcp:8081 tcp:8081' to forward requests from your device[39m
                             [33m│ [39m[33m- If your device is on the same Wi-Fi network, set 'Debug server host & port for device' in 'Dev settings' to your machine's IP address and the port of the local dev server - e.g. 10.0.1.1:8081[39m
                             [33m│ [39m[33m[39m
                             [33m│ [39m[33mURL: 10.0.2.2:8081[39m
                             [33m│ [39m[33m[39m
                             [33m└ [39m[33mError: undefined[39m
[0m
[0m[2m[17:37:29][22m I | [1mReactNativeJS[22m ▶︎ [2026-08-18T12:07:29.335Z] [INFO] [SelfieVerificationScreen] Confirming Clock In
[0m
[0m[2m[17:37:29][22m I | [1mReactNativeJS[22m ▶︎ [2026-08-18T12:07:29.361Z] [INFO] [DB] insertRow: inserting into attendance with id att-1787054849351 - {"id":"att-1787054849351","employeeId":"G-1001","employeeName":"John Smith","employeeEmail":"john@priority-one.io","badge":"GRD-001","role":"guard","date":"2026-08-18","shift":"Morning Shift 08:00 AM - 04:00 PM","clockIn":"2026-08-18T12:07:29.351Z","clockOut":null,"status":"present","siteId":"s-01","siteName":"Ahmedabad Plant","companyId":"c-1"}
[0m
[0m[2m[17:37:29][22m I | [1mReactNativeJS[22m ▶︎ [2026-08-18T12:07:29.422Z] [INFO] [DB] getTable: read attendance table, returned 9 rows
[0m
[0m[2m[17:37:29][22m I | [1mReactNativeJS[22m ▶︎ [2026-08-18T12:07:29.758Z] [INFO] [DB] saveTable: saved 10 rows to attendance table
[0m
[0m[2m[17:37:29][22m I | [1mReactNativeJS[22m ▶︎ [2026-08-18T12:07:29.775Z] [INFO] [DB] insertRow: inserting into notifications with id notif-1787054849771 - {"id":"notif-1787054849771","userId":"G-1001","title":"Clocked In Successfully","message":"You clocked in at 5:37 PM at Ahmedabad Plant.","read":false,"createdAt":"2026-08-18T12:07:29.775Z"}
[0m
[0m[2m[17:37:29][22m I | [1mReactNativeJS[22m ▶︎ [2026-08-18T12:07:29.838Z] [INFO] [DB] getTable: read notifications table, returned 20 rows
[0m
[0m[2m[17:37:29][22m I | [1mReactNativeJS[22m ▶︎ [2026-08-18T12:07:29.927Z] [INFO] [DB] saveTable: saved 21 rows to notifications table
[0m
[0m[2m[17:37:29][22m I | [1mReactNativeJS[22m ▶︎ [2026-08-18T12:07:29.955Z] [INFO] [DB] getTable: read employees table, returned 4 rows
[0m
[0m[2m[17:37:30][22m I | [1mReactNativeJS[22m ▶︎ [2026-08-18T12:07:30.018Z] [INFO] [DB] getTable: read shifts table, returned 1 rows
[0m
[0m[2m[17:37:30][22m I | [1mReactNativeJS[22m ▶︎ [2026-08-18T12:07:30.054Z] [INFO] [DB] getTable: read attendance table, returned 10 rows
[0m
[0m[2m[17:37:30][22m I | [1mReactNativeJS[22m ▶︎ [2026-08-18T12:07:30.111Z] [INFO] [DB] getTable: read patrols table, returned 2 rows
[0m
[0m[2m[17:37:30][22m I | [1mReactNativeJS[22m ▶︎ [2026-08-18T12:07:30.160Z] [INFO] [DB] getTable: read leaves table, returned 1 rows
[0m
[0m[2m[17:37:30][22m I | [1mReactNativeJS[22m ▶︎ [2026-08-18T12:07:30.189Z] [INFO] [DB] getTable: read incidents table, returned 13 rows
[0m
[0m[2m[17:37:30][22m I | [1mReactNativeJS[22m ▶︎ [2026-08-18T12:07:30.220Z] [INFO] [DB] getTable: read messages table, returned 2 rows
[0m
[0m[2m[17:37:30][22m I | [1mReactNativeJS[22m ▶︎ [2026-08-18T12:07:30.239Z] [INFO] [DB] getTable: read notifications table, returned 21 rows
[0m
[0m[2m[17:37:30][22m I | [1mReactNativeJS[22m ▶︎ [2026-08-18T12:07:30.321Z] [INFO] [GuardStore] Hydration completed successfully for G-1001
[0m
[0m[2m[17:37:31][22m I | [1mReactNativeJS[22m ▶︎ [2026-08-18T12:07:31.412Z] [INFO] [AttendanceCard] Current Attendance Info - Status: Checked In, ClockIn: 5:37 PM, ClockOut: --:--
[0m
[0m[2m[17:37:31][22m I | [1mReactNativeJS[22m ▶︎ [2026-08-18T12:07:31.435Z] [INFO] [SelfieVerificationScreen] Attendance Info - Status: Checked In, ClockIn: 5:37 PM, ClockOut: --:--
[0m
[0m[2m[17:37:31][22m I | [1mReactNativeJS[22m ▶︎ [2026-08-18T12:07:31.455Z] [INFO] [useGuardStore] clockIn completed successfully for G-1001
[0m
[0m[2m[17:45:37][22m I | [1mReactNative[22m ▶︎ [GESTURE HANDLER] Tearing down gesture handler registered for root view com.facebook.react.runtime.ReactSurfaceView{5bbfa82 V.E...... ........ 0,0-1080,2400 #1}
[0m
[0m[2m[17:45:43][22m I | [1mReactNativeJS[22m ▶︎ Running "MyFirstApp" with {"rootTag":1,"initialProps":{},"fabric":true}
[0m
[0m[2m[17:45:44][22m I | [1mReactNative[22m ▶︎ [GESTURE HANDLER] Initialize gesture handler for root view com.facebook.react.runtime.ReactSurfaceView{5bbfa82 V.E...... ......ID 0,0-1080,2400 #1}
[0m
[0m[2m[17:45:45][22m I | [1mReactNativeJS[22m ▶︎ [2026-08-18T12:15:45.225Z] [INFO] [DB] getTable: read employees table, returned 4 rows
[0m
[0m[2m[17:45:45][22m I | [1mReactNativeJS[22m ▶︎ [2026-08-18T12:15:45.387Z] [INFO] [DB] getTable: read employees table, returned 4 rows
[0m
[0m[2m[17:45:45][22m I | [1mReactNativeJS[22m ▶︎ [2026-08-18T12:15:45.474Z] [INFO] [DB] getTable: read shifts table, returned 1 rows
[0m
[0m[2m[17:45:45][22m I | [1mReactNativeJS[22m ▶︎ [2026-08-18T12:15:45.507Z] [INFO] [DB] getTable: read attendance table, returned 10 rows
[0m
[0m[2m[17:45:45][22m I | [1mReactNativeJS[22m ▶︎ [2026-08-18T12:15:45.554Z] [INFO] [DB] getTable: read patrols table, returned 2 rows
[0m
[0m[2m[17:45:45][22m I | [1mReactNativeJS[22m ▶︎ [2026-08-18T12:15:45.706Z] [INFO] [DB] getTable: read leaves table, returned 1 rows
[0m
[0m[2m[17:45:45][22m I | [1mReactNativeJS[22m ▶︎ [2026-08-18T12:15:45.764Z] [INFO] [DB] getTable: read incidents table, returned 13 rows
[0m
[0m[2m[17:45:45][22m I | [1mReactNativeJS[22m ▶︎ [2026-08-18T12:15:45.792Z] [INFO] [DB] getTable: read messages table, returned 2 rows
[0m
[0m[2m[17:45:45][22m I | [1mReactNativeJS[22m ▶︎ [2026-08-18T12:15:45.866Z] [INFO] [DB] getTable: read notifications table, returned 21 rows
[0m
[0m[2m[17:45:46][22m I | [1mReactNativeJS[22m ▶︎ [2026-08-18T12:15:46.340Z] [INFO] [GuardStore] Hydration completed successfully for G-1001
[0m
[0m[2m[17:45:51][22m I | [1mReactNativeJS[22m ▶︎ [2026-08-18T12:15:51.328Z] [INFO] [AttendanceCard] Current Attendance Info - Status: Checked In, ClockIn: 5:37 PM, ClockOut: --:--
[0m
[0m[2m[17:53:30][22m [31mE |[39m [1m[31mReactNativeJS[39m[22m [31m▶︎[39m [31m'React has detected a change in the order of Hooks called by %s. This will lead to bugs and errors if not fixed. For more information, read the Rules of Hooks: https://react.dev/link/rules-of-hooks\n\n   Previous render            Next render\n   ------------------------------------------------------\n%s   ^^^^^^^^^^^^^^^^^^^^^^^^^^^^^^^^^^^^^^^^^^^^^^^^^^^^^^\n', 'HomeHeader', '1. useContext                 useContext\n2. useContext                 useContext\n3. useContext                 useContext\n4. useCallback                useCallback\n5. useCallback                useCallback\n6. useSyncExternalStore       useSyncExternalStore\n7. useDebugValue              useDebugValue\n8. undefined                  useState\n'[39m
[0m
[0m[2m[17:53:31][22m [31mE |[39m [1m[31mReactNativeJS[39m[22m [31m▶︎[39m [31m[2026-08-18T12:23:31.192Z] [ERROR] [ConsoleError] React has detected a change in the order of Hooks called by %s. This will lead to bugs and errors if not fixed. For more information, read the Rules of Hooks: https://react.dev/link/rules-of-hooks[39m
                             [31m│ [39m[31m[39m
                             [31m│ [39m[31mPrevious render            Next render[39m
                             [31m│ [39m[31m------------------------------------------------------[39m
                             [31m│ [39m[31m%s   ^^^^^^^^^^^^^^^^^^^^^^^^^^^^^^^^^^^^^^^^^^^^^^^^^^^^^^[39m
                             [31m│ [39m[31mHomeHeader 1. useContext                 useContext[39m
                             [31m│ [39m[31m2. useContext                 useContext[39m
                             [31m│ [39m[31m3. useContext                 useContext[39m
                             [31m│ [39m[31m4. useCallback                useCallback[39m
                             [31m│ [39m[31m5. useCallback                useCallback[39m
                             [31m│ [39m[31m6. useSyncExternalStore       useSyncExternalStore[39m
                             [31m│ [39m[31m7. useDebugValue              useDebugValue[39m
                             [31m└ [39m[31m8. undefined                  useState[39m
[0m
[0m[2m[17:53:31][22m [31mE |[39m [1m[31mReactNativeJS[39m[22m [31m▶︎[39m [31m{ [Error: Rendered more hooks than during the previous render.][39m
[0m
[0m[2m[17:53:31][22m [31mE |[39m [1m[31mReactNativeJS[39m[22m [31m▶︎[39m [31mcomponentStack: '\n    at HomeHeader (http://10.0.2.2:8081/src/features/home/components/HomeHeader.bundle//&platform=android&dev=true&lazy=true&minify=false&app=com.myfirstapp&modulesOnly=true&runModule=true&sourcePaths=url-server&shallow=true:12:20)\n    at RCTView (<anonymous>)\n    at View_withRef (address at http://10.0.2.2:8081/index.bundle?platform=android&dev=true&lazy=true&minify=false&app=com.myfirstapp&modulesOnly=false&runModule=true&excludeSource=true&sourcePaths=url-server:1:614355)\n    at RCTScrollView (<anonymous>)\n    at ScrollView (http://10.0.2.2:8081/index.bundle//&platform=android&dev=true&lazy=true&minify=false&app=com.myfirstapp&modulesOnly=false&runModule=true&excludeSource=true&sourcePaths=url-server:58054:36)\n    at ScrollView (http://10.0.2.2:8081/index.bundle//&platform=android&dev=true&lazy=true&minify=false&app=com.myfirstapp&modulesOnly=false&runModule=true&excludeSource=true&sourcePaths=url-server:58627:27)\n    at RCTView (<anonymous>)\n    at View_withRef (address at http://10.0.2.2:8081/index.bundle?platform=android&dev=true&lazy=true&minify=false&app=com.myfirstapp&modulesOnly=false&runModule=true&excludeSource=true&sourcePaths=url-server:1:614355)\n    at RCTView (<anonymous>)\n    at View_withRef (address at http://10.0.2.2:8081/index.bundle?platform=android&dev=true&lazy=true&minify=false&app=com.myfirstapp&modulesOnly=false&runModule=true&excludeSource=true&sourcePaths=url-server:1:614355)\n    at RNCSafeAreaView (<anonymous>)\n    at anonymous (http://10.0.2.2:8081/index.bundle//&platform=android&dev=true&lazy=true&minify=false&app=com.myfirstapp&modulesOnly=false&runModule=true&excludeSource=true&sourcePaths=url-server:101044:62)\n    at ScreenLayout (http://10.0.2.2:8081/index.bundle//&platform=android&dev=true&lazy=true&minify=false&app=com.myfirstapp&modulesOnly=false&runModule=true&excludeSource=true&sourcePaths=url-server:107626:22)\n    at HomeScreen (http://10.0.2.2:8081/src/features/home/screens/HomeScreen.bundle//&platform=android&dev=true&lazy=true&minify=false&app=com.myfirstapp&modulesOnly=true&runModule=true&sourcePaths=url-server&shallow=true:13:50)\n    at StaticContainer (http://10.0.2.2:8081/index.bundle//&platform=android&dev=true&lazy=true&minify=false&app=com.myfirstapp&modulesOnly=false&runModule=true&excludeSource=true&sourcePaths=url-server:96275:17)\n    at EnsureSingleNavigator (http://10.0.2.2:8081/index.bundle//&platform=android&dev=true&lazy=true&minify=false&app=com.myfirstapp&modulesOnly=false&runModule=true&excludeSource=true&sourcePaths=url-server:91479:3)\n    at SceneView (http://10.0.2.2:8081/index.bundle//&platform=android&dev=true&lazy=true&minify=false&app=com.myfirstapp&modulesOnly=false&runModule=true&excludeSource=true&sourcePaths=url-server:96148:3)\n    at NavigationProvider (http://10.0.2.2:8081/index.bundle//&platform=android&dev=true&lazy=true&minify=false&app=com.myfirstapp&modulesOnly=false&runModule=true&excludeSource=true&sourcePaths=url-server:91640:3)\n    at RNSScreenContentWrapper (<anonymous>)\n    at ScreenContentWrapper (<anonymous>)\n    at DebugContainer (http://10.0.2.2:8081/index.bundle//&platform=android&dev=true&lazy=true&minify=false&app=com.myfirstapp&modulesOnly=false&runModule=true&excludeSource=true&sourcePaths=url-server:105579:31)\n    at RNSScreen (<anonymous>)\n    at Animated(Anonymous) (http://10.0.2.2:8081/index.bundle//&platform=android&dev=true&lazy=true&minify=false&app=com.myfirstapp&modulesOnly=false&runModule=true&excludeSource=true&sourcePaths=url-server:62570:29)\n    at Suspender (http://10.0.2.2:8081/index.bundle//&platform=android&dev=true&lazy=true&minify=false&app=com.myfirstapp&modulesOnly=false&runModule=true&excludeSource=true&sourcePaths=url-server:104644:3)\n    at Suspense (<anonymous>)\n    at Freeze (http://10.0.2.2:8081/index.bundle//&platform=android&dev=true&lazy=true&minify=false&app=com.myfirstapp&modulesOnly=false&runModule=true&excludeSource=true&sourcePaths=url-server:104655:3)\n    at DelayedFreeze[39m
[0m
[0m[2m[17:53:31][22m [31mE |[39m [1m[31mReactNativeJS[39m[22m [31m▶︎[39m [31misComponentError: true }[39m
                             [31m│ [39m[31m[2026-08-18T12:23:31.580Z] [ERROR] [ConsoleError] Error: Rendered more hooks than during the previous render.[39m
                             [31m│ [39m[31mError: Rendered more hooks than during the previous render.[39m
                             [31m│ [39m[31mat updateWorkInProgressHook (http://10.0.2.2:8081/index.bundle//&platform=android&dev=true&lazy=true&minify=false&app=com.myfirstapp&modulesOnly=false&runModule=true&excludeSource=true&sourcePaths=url-server:12409:22)[39m
                             [31m│ [39m[31mat updateReducer (http://10.0.2.2:8081/index.bundle//&platform=android&dev=true&lazy=true&minify=false&app=com.myfirstapp&modulesOnly=false&runModule=true&excludeSource=true&sourcePaths=url-server:12500:42)[39m
                             [31m│ [39m[31mat useState (http://10.0.2.2:8081/index.bundle//&platform=android&dev=true&lazy=true&minify=false&app=com.myfirstapp&modulesOnly=false&runModule=true&excludeSource=true&sourcePaths=url-server:18193:31)[39m
                             [31m│ [39m[31mat anonymous (http://10.0.2.2:8081/index.bundle//&platform=android&dev=true&lazy=true&minify=false&app=com.myfirstapp&modulesOnly=false&runModule=true&excludeSource=true&sourcePaths=url-server:7334:42)[39m
                             [31m│ [39m[31mat HomeHeader (http://10.0.2.2:8081/src/features/home/components/HomeHeader.bundle//&platform=android&dev=true&lazy=true&minify=false&app=com.myfirstapp&modulesOnly=true&runModule=true&sourcePaths=url-server&shallow=true:25:50)[39m
                             [31m│ [39m[31mat react_stack_bottom_frame (http://10.0.2.2:8081/index.bundle//&platform=android&dev=true&lazy=true&minify=false&app=com.myfirstapp&modulesOnly=false&runModule=true&excludeSource=true&sourcePaths=url-server:17664:29)[39m
                             [31m│ [39m[31mat renderWithHooks (http://10.0.2.2:8081/index.bundle//&platform=android&dev=true&lazy=true&minify=false&app=com.myfirstapp&modulesOnly=false&runModule=true&excludeSource=true&sourcePaths=url-server:12300:40)[39m
                             [31m│ [39m[31mat updateFunctionComponent (http://10.0.2.2:8081/index.bundle//&platform=android&dev=true&lazy=true&minify=false&app=com.myfirstapp&modulesOnly=false&runModule=true&excludeSource=true&sourcePaths=url-server:13586:34)[39m
                             [31m│ [39m[31mat beginWork (http://10.0.2.2:8081/index.bundle//&platform=android&dev=true&lazy=true&minify=false&app=com.myfirstapp&modulesOnly=false&runModule=true&excludeSource=true&sourcePaths=url-server:14044:41)[39m
                             [31m│ [39m[31mat run (native)[39m
                             [31m│ [39m[31mat runWithFiberInDEV (http://10.0.2.2:8081/index.bundle//&platform=android&dev=true&lazy=true&minify=false&app=com.myfirstapp&modulesOnly=false&runModule=true&excludeSource=true&sourcePaths=url-server:9756:73)[39m
                             [31m│ [39m[31mat performUnitOfWork (http://10.0.2.2:8081/index.bundle//&platform=android&dev=true&lazy=true&minify=false&app=com.myfirstapp&modulesOnly=false&runModule=true&excludeSource=true&sourcePaths=url-server:16104:97)[39m
                             [31m│ [39m[31mat workLoopSync (http://10.0.2.2:8081/index.bundle//&platform=android&dev=true&lazy=true&minify=false&app=com.myfirstapp&modulesOnly=false&runModule=true&excludeSource=true&sourcePaths=url-server:15999:57)[39m
                             [31m│ [39m[31mat renderRootSync (http://10.0.2.2:8081/index.bundle//&platform=android&dev=true&lazy=true&minify=false&app=com.myfirstapp&modulesOnly=false&runModule=true&excludeSource=true&sourcePaths=url-server:15984:21)[39m
                             [31m│ [39m[31mat performWorkOnRoot (http://10.0.2.2:8081/index.bundle//&platform=android&dev=true&lazy=true&minify=false&app=com.myfirstapp&modulesOnly=false&runModule=true&excludeSource=true&sourcePaths=url-server:15678:43)[39m
                             [31m│ [39m[31mat performSyncWorkOnRoot (http://10.0.2.2:8081/index.bundle//&platform=android&dev=true&lazy=true&minify=false&app=com.myfirstapp&modulesOnly=false&runModule=true&excludeSource=true&sourcePaths=url-server:11361:24)[39m
                             [31m│ [39m[31mat flushSyncWorkAcrossRoots_impl (http://10.0.2.2:8081/index.bundle//&platform=android&dev=true&lazy=true&minify=false&app=com.myfirstapp&modulesOnly=false&runModule=true&excludeSource=true&sourcePaths=url-server:11280:329)[39m
                             [31m│ [39m[31mat flushSyncWork (http://10.0.2.2:8081/index.bundle//&platform=android&dev=true&lazy=true&minify=false&app=com.myfirstapp&modulesOnly=false&runModule=true&excludeSource=true&sourcePaths=url-server:15795:113)[39m
                             [31m│ [39m[31mat scheduleRefresh (http://10.0.2.2:8081/index.bundle//&platform=android&dev=true&lazy=true&minify=false&app=com.myfirstapp&modulesOnly=false&runModule=true&excludeSource=true&sourcePaths=url-server:9339:22)[39m
                             [31m│ [39m[31mat apply (native)[39m
                             [31m│ [39m[31mat anonymous (http://10.0.2.2:8081/index.bundle//&platform=android&dev=true&lazy=true&minify=false&app=com.myfirstapp&modulesOnly=false&runModule=true&excludeSource=true&sourcePaths=url-server:39974:45)[39m
                             [31m│ [39m[31mat anonymous (http://10.0.2.2:8081/index.bundle//&platform=android&dev=true&lazy=true&minify=false&app=com.myfirstapp&modulesOnly=false&runModule=true&excludeSource=true&sourcePaths=url-server:51955:38)[39m
                             [31m│ [39m[31mat forEach (native)[39m
                             [31m│ [39m[31mat performReactRefresh (http://10.0.2.2:8081/index.bundle//&platform=android&dev=true&lazy=true&minify=false&app=com.myfirstapp&modulesOnly=false&runModule=true&excludeSource=true&sourcePaths=url-server:51947:39)[39m
                             [31m│ [39m[31mat performReactRefresh (http://10.0.2.2:8081/index.bundle//&platform=android&dev=true&lazy=true&minify=false&app=com.myfirstapp&modulesOnly=false&runModule=true&excludeSource=true&sourcePaths=url-server:51701:48)[39m
                             [31m└ [39m[31mat anonymous (http://10.0.2.2:8081/index.bundle//&platform=android&dev=true&lazy=true&minify=false&app=com.myfirstapp&modulesOnly=false&runModule=true&excludeSource=true&sourcePaths=url-server:442:40)[39m
[0m
[0m[2m[17:53:32][22m I | [1mReactNative[22m ▶︎ [GESTURE HANDLER] Tearing down gesture handler registered for root view com.facebook.react.runtime.ReactSurfaceView{5bbfa82 V.E...... ......ID 0,0-1080,2400 #1}
[0m
[0m[2m[17:53:45][22m I | [1mReactNative[22m ▶︎ [GESTURE HANDLER] Initialize gesture handler for root view com.facebook.react.runtime.ReactSurfaceView{5bbfa82 V.E...... ......ID 0,0-1080,2400 #1}
[0m
[0m[2m[17:53:45][22m I | [1mReactNativeJS[22m ▶︎ [2026-08-18T12:23:45.827Z] [INFO] [AttendanceCard] Current Attendance Info - Status: Checked In, ClockIn: 5:37 PM, ClockOut: --:--
[0m
[0m[2m[17:53:46][22m I | [1mReactNativeJS[22m ▶︎ [2026-08-18T12:23:46.451Z] [INFO] [DB] getTable: read employees table, returned 4 rows
[0m
[0m[2m[17:53:46][22m I | [1mReactNativeJS[22m ▶︎ [2026-08-18T12:23:46.572Z] [INFO] [DB] getTable: read shifts table, returned 1 rows
[0m
[0m[2m[17:53:46][22m I | [1mReactNativeJS[22m ▶︎ [2026-08-18T12:23:46.635Z] [INFO] [DB] getTable: read attendance table, returned 10 rows
[0m
[0m[2m[17:53:46][22m I | [1mReactNativeJS[22m ▶︎ [2026-08-18T12:23:46.684Z] [INFO] [DB] getTable: read patrols table, returned 2 rows
[0m
[0m[2m[17:53:46][22m I | [1mReactNativeJS[22m ▶︎ [2026-08-18T12:23:46.686Z] [INFO] [DB] getTable: read employees table, returned 4 rows
[0m
[0m[2m[17:53:46][22m I | [1mReactNativeJS[22m ▶︎ [2026-08-18T12:23:46.875Z] [INFO] [DB] getTable: read leaves table, returned 1 rows
[0m
[0m[2m[17:53:46][22m I | [1mReactNativeJS[22m ▶︎ [2026-08-18T12:23:46.891Z] [INFO] [DB] getTable: read employees table, returned 4 rows
[0m
[0m[2m[17:53:46][22m I | [1mReactNativeJS[22m ▶︎ [2026-08-18T12:23:46.902Z] [INFO] [DB] getTable: read incidents table, returned 13 rows
[0m
[0m[2m[17:53:47][22m I | [1mReactNativeJS[22m ▶︎ [2026-08-18T12:23:47.062Z] [INFO] [DB] getTable: read shifts table, returned 1 rows
[0m
[0m[2m[17:53:47][22m I | [1mReactNativeJS[22m ▶︎ [2026-08-18T12:23:47.066Z] [INFO] [DB] getTable: read messages table, returned 2 rows
[0m
[0m[2m[17:53:47][22m I | [1mReactNativeJS[22m ▶︎ [2026-08-18T12:23:47.085Z] [INFO] [DB] getTable: read attendance table, returned 10 rows
[0m
[0m[2m[17:53:47][22m I | [1mReactNativeJS[22m ▶︎ [2026-08-18T12:23:47.139Z] [INFO] [DB] getTable: read patrols table, returned 2 rows
[0m
[0m[2m[17:53:47][22m I | [1mReactNativeJS[22m ▶︎ [2026-08-18T12:23:47.149Z] [INFO] [DB] getTable: read notifications table, returned 21 rows
[0m
[0m[2m[17:53:47][22m I | [1mReactNativeJS[22m ▶︎ [2026-08-18T12:23:47.190Z] [INFO] [DB] getTable: read leaves table, returned 1 rows
[0m
[0m[2m[17:53:47][22m I | [1mReactNativeJS[22m ▶︎ [2026-08-18T12:23:47.231Z] [INFO] [DB] getTable: read incidents table, returned 13 rows
[0m
[0m[2m[17:53:47][22m I | [1mReactNativeJS[22m ▶︎ [2026-08-18T12:23:47.237Z] [INFO] [GuardStore] Hydration completed successfully for G-1001
[0m
[0m[2m[17:53:47][22m I | [1mReactNativeJS[22m ▶︎ [2026-08-18T12:23:47.518Z] [INFO] [DB] getTable: read messages table, returned 2 rows
[0m
[0m[2m[17:53:47][22m I | [1mReactNativeJS[22m ▶︎ [2026-08-18T12:23:47.572Z] [INFO] [DB] getTable: read notifications table, returned 21 rows
[0m
[0m[2m[17:53:47][22m I | [1mReactNativeJS[22m ▶︎ [2026-08-18T12:23:47.613Z] [INFO] [GuardStore] Hydration completed successfully for G-1001
[0m
[0m[2m[17:53:52][22m [31mE |[39m [1m[31mReactNativeJS[39m[22m [31m▶︎[39m [31m{ [Error: UnableToResolveError Unable to resolve module ./QuickAccessCard from D:\Priority1\Priority1MobileApp\src\features\home\components\index.ts:[39m
                             [31m│ [39m[31m[39m
                             [31m│ [39m[31mNone of these files exist:[39m
                             [31m│ [39m[31m* src\features\home\components\QuickAccessCard(.android.js|.native.js|.js|.android.jsx|.native.jsx|.jsx|.android.json|.native.json|.json|.android.ts|.native.ts|.ts|.android.tsx|.native.tsx|.tsx)[39m
                             [31m│ [39m[31m* src\features\home\components\QuickAccessCard[39m
                             [31m│ [39m[31m[0m [90m  9 |[31m [36mexport[31m [33m*[31m [36mfrom[31m [32m'./PatrolProgressSummaryCard'[31m[33m;[31m[39m
                             [31m│ [39m[31m[90m 10 |[31m [36mexport[31m [33m*[31m [36mfrom[31m [32m'./ClockInOutActionCard'[31m[33m;[31m[39m
                             [31m│ [39m[31m[31m[1m>[22m[31m[90m 11 |[31m [36mexport[31m [33m*[31m [36mfrom[31m [32m'./QuickAccessCard'[31m[33m;[31m[39m
                             [31m│ [39m[31m[90m    |[31m                [31m[1m^[22m[31m[39m
                             [31m└ [39m[31m[90m 12 |[31m[0m] preventSymbolication: true }[39m
[0m
[0m[2m[17:53:52][22m [31mE |[39m [1m[31mReactNativeJS[39m[22m [31m▶︎[39m [31m[2026-08-18T12:23:52.132Z] [ERROR] [ConsoleError] Error: UnableToResolveError Unable to resolve module ./QuickAccessCard from D:\Priority1\Priority1MobileApp\src\features\home\components\index.ts:[39m
                             [31m│ [39m[31m[39m
                             [31m│ [39m[31mNone of these files exist:[39m
                             [31m│ [39m[31m* src\features\home\components\QuickAccessCard(.android.js|.native.js|.js|.android.jsx|.native.jsx|.jsx|.android.json|.native.json|.json|.android.ts|.native.ts|.ts|.android.tsx|.native.tsx|.tsx)[39m
                             [31m│ [39m[31m* src\features\home\components\QuickAccessCard[39m
                             [31m│ [39m[31m[0m [90m  9 |[31m [36mexport[31m [33m*[31m [36mfrom[31m [32m'./PatrolProgressSummaryCard'[31m[33m;[31m[39m
                             [31m│ [39m[31m[90m 10 |[31m [36mexport[31m [33m*[31m [36mfrom[31m [32m'./ClockInOutActionCard'[31m[33m;[31m[39m
                             [31m│ [39m[31m[31m[1m>[22m[31m[90m 11 |[31m [36mexport[31m [33m*[31m [36mfrom[31m [32m'./QuickAccessCard'[31m[33m;[31m[39m
                             [31m│ [39m[31m[90m    |[31m                [31m[1m^[22m[31m[39m
                             [31m│ [39m[31m[90m 12 |[31m[0m[39m
                             [31m│ [39m[31mError: UnableToResolveError Unable to resolve module ./QuickAccessCard from D:\Priority1\Priority1MobileApp\src\features\home\components\index.ts:[39m
                             [31m│ [39m[31m[39m
                             [31m│ [39m[31mNone of these files exist:[39m
                             [31m│ [39m[31m* src\features\home\components\QuickAccessCard(.android.js|.native.js|.js|.android.jsx|.native.jsx|.jsx|.android.json|.native.json|.json|.android.ts|.native.ts|.ts|.android.tsx|.native.tsx|.tsx)[39m
                             [31m│ [39m[31m* src\features\home\components\QuickAccessCard[39m
                             [31m│ [39m[31m[0m [90m  9 |[31m [36mexport[31m [33m*[31m [36mfrom[31m [32m'./PatrolProgressSummaryCard'[31m[33m;[31m[39m
                             [31m│ [39m[31m[90m 10 |[31m [36mexport[31m [33m*[31m [36mfrom[31m [32m'./ClockInOutActionCard'[31m[33m;[31m[39m
                             [31m│ [39m[31m[31m[1m>[22m[31m[90m 11 |[31m [36mexport[31m [33m*[31m [36mfrom[31m [32m'./QuickAccessCard'[31m[33m;[31m[39m
                             [31m│ [39m[31m[90m    |[31m                [31m[1m^[22m[31m[39m
                             [31m│ [39m[31m[90m 12 |[31m[0m[39m
                             [31m│ [39m[31mat showCompileError (http://10.0.2.2:8081/index.bundle//&platform=android&dev=true&lazy=true&minify=false&app=com.myfirstapp&modulesOnly=false&runModule=true&excludeSource=true&sourcePaths=url-server:50897:26)[39m
                             [31m│ [39m[31mat anonymous (http://10.0.2.2:8081/index.bundle//&platform=android&dev=true&lazy=true&minify=false&app=com.myfirstapp&modulesOnly=false&runModule=true&excludeSource=true&sourcePaths=url-server:50823:29)[39m
                             [31m│ [39m[31mat call (native)[39m
                             [31m│ [39m[31mat emit (http://10.0.2.2:8081/index.bundle//&platform=android&dev=true&lazy=true&minify=false&app=com.myfirstapp&modulesOnly=false&runModule=true&excludeSource=true&sourcePaths=url-server:51410:35)[39m
                             [31m│ [39m[31mat anonymous (http://10.0.2.2:8081/index.bundle//&platform=android&dev=true&lazy=true&minify=false&app=com.myfirstapp&modulesOnly=false&runModule=true&excludeSource=true&sourcePaths=url-server:51190:23)[39m
                             [31m│ [39m[31mat invoke (http://10.0.2.2:8081/index.bundle//&platform=android&dev=true&lazy=true&minify=false&app=com.myfirstapp&modulesOnly=false&runModule=true&excludeSource=true&sourcePaths=url-server:20415:31)[39m
                             [31m│ [39m[31mat dispatch (http://10.0.2.2:8081/index.bundle//&platform=android&dev=true&lazy=true&minify=false&app=com.myfirstapp&modulesOnly=false&runModule=true&excludeSource=true&sourcePaths=url-server:20347:13)[39m
                             [31m│ [39m[31mat dispatchEvent (http://10.0.2.2:8081/index.bundle//&platform=android&dev=true&lazy=true&minify=false&app=com.myfirstapp&modulesOnly=false&runModule=true&excludeSource=true&sourcePaths=url-server:20297:17)[39m
                             [31m│ [39m[31mat anonymous (http://10.0.2.2:8081/index.bundle//&platform=android&dev=true&lazy=true&minify=false&app=com.myfirstapp&modulesOnly=false&runModule=true&excludeSource=true&sourcePaths=url-server:46641:29)[39m
                             [31m│ [39m[31mat apply (native)[39m
                             [31m│ [39m[31mat emit (http://10.0.2.2:8081/index.bundle//&platform=android&dev=true&lazy=true&minify=false&app=com.myfirstapp&modulesOnly=false&runModule=true&excludeSource=true&sourcePaths=url-server:5827:40)[39m
                             [31m│ [39m[31mat apply (native)[39m
                             [31m│ [39m[31mat anonymous (http://10.0.2.2:8081/index.bundle//&platform=android&dev=true&lazy=true&minify=false&app=com.myfirstapp&modulesOnly=false&runModule=true&excludeSource=true&sourcePaths=url-server:5693:200)[39m
                             [31m└ [39m[31mat emit (http://10.0.2.2:8081/index.bundle//&platform=android&dev=true&lazy=true&minify=false&app=com.myfirstapp&modulesOnly=false&runModule=true&excludeSource=true&sourcePaths=url-server:5705:68)[39m
[0m
[0m[2m[17:53:59][22m [31mE |[39m [1m[31mReactNativeJS[39m[22m [31m▶︎[39m [31m{ [Error: UnableToResolveError Unable to resolve module ./QuickAccessCard from D:\Priority1\Priority1MobileApp\src\features\home\components\index.ts:[39m
                             [31m│ [39m[31m[39m
                             [31m│ [39m[31mNone of these files exist:[39m
                             [31m│ [39m[31m* src\features\home\components\QuickAccessCard(.android.js|.native.js|.js|.android.jsx|.native.jsx|.jsx|.android.json|.native.json|.json|.android.ts|.native.ts|.ts|.android.tsx|.native.tsx|.tsx)[39m
                             [31m│ [39m[31m* src\features\home\components\QuickAccessCard[39m
                             [31m│ [39m[31m[0m [90m  9 |[31m [36mexport[31m [33m*[31m [36mfrom[31m [32m'./PatrolProgressSummaryCard'[31m[33m;[31m[39m
                             [31m│ [39m[31m[90m 10 |[31m [36mexport[31m [33m*[31m [36mfrom[31m [32m'./ClockInOutActionCard'[31m[33m;[31m[39m
                             [31m│ [39m[31m[31m[1m>[22m[31m[90m 11 |[31m [36mexport[31m [33m*[31m [36mfrom[31m [32m'./QuickAccessCard'[31m[33m;[31m[39m
                             [31m│ [39m[31m[90m    |[31m                [31m[1m^[22m[31m[39m
                             [31m└ [39m[31m[90m 12 |[31m[0m] preventSymbolication: true }[39m
[0m
[0m[2m[17:53:59][22m [31mE |[39m [1m[31mReactNativeJS[39m[22m [31m▶︎[39m [31m[2026-08-18T12:23:59.371Z] [ERROR] [ConsoleError] Error: UnableToResolveError Unable to resolve module ./QuickAccessCard from D:\Priority1\Priority1MobileApp\src\features\home\components\index.ts:[39m
                             [31m│ [39m[31m[39m
                             [31m│ [39m[31mNone of these files exist:[39m
                             [31m│ [39m[31m* src\features\home\components\QuickAccessCard(.android.js|.native.js|.js|.android.jsx|.native.jsx|.jsx|.android.json|.native.json|.json|.android.ts|.native.ts|.ts|.android.tsx|.native.tsx|.tsx)[39m
                             [31m│ [39m[31m* src\features\home\components\QuickAccessCard[39m
                             [31m│ [39m[31m[0m [90m  9 |[31m [36mexport[31m [33m*[31m [36mfrom[31m [32m'./PatrolProgressSummaryCard'[31m[33m;[31m[39m
                             [31m│ [39m[31m[90m 10 |[31m [36mexport[31m [33m*[31m [36mfrom[31m [32m'./ClockInOutActionCard'[31m[33m;[31m[39m
                             [31m│ [39m[31m[31m[1m>[22m[31m[90m 11 |[31m [36mexport[31m [33m*[31m [36mfrom[31m [32m'./QuickAccessCard'[31m[33m;[31m[39m
                             [31m│ [39m[31m[90m    |[31m                [31m[1m^[22m[31m[39m
                             [31m│ [39m[31m[90m 12 |[31m[0m[39m
                             [31m│ [39m[31mError: UnableToResolveError Unable to resolve module ./QuickAccessCard from D:\Priority1\Priority1MobileApp\src\features\home\components\index.ts:[39m
                             [31m│ [39m[31m[39m
                             [31m│ [39m[31mNone of these files exist:[39m
                             [31m│ [39m[31m* src\features\home\components\QuickAccessCard(.android.js|.native.js|.js|.android.jsx|.native.jsx|.jsx|.android.json|.native.json|.json|.android.ts|.native.ts|.ts|.android.tsx|.native.tsx|.tsx)[39m
                             [31m│ [39m[31m* src\features\home\components\QuickAccessCard[39m
                             [31m│ [39m[31m[0m [90m  9 |[31m [36mexport[31m [33m*[31m [36mfrom[31m [32m'./PatrolProgressSummaryCard'[31m[33m;[31m[39m
                             [31m│ [39m[31m[90m 10 |[31m [36mexport[31m [33m*[31m [36mfrom[31m [32m'./ClockInOutActionCard'[31m[33m;[31m[39m
                             [31m│ [39m[31m[31m[1m>[22m[31m[90m 11 |[31m [36mexport[31m [33m*[31m [36mfrom[31m [32m'./QuickAccessCard'[31m[33m;[31m[39m
                             [31m│ [39m[31m[90m    |[31m                [31m[1m^[22m[31m[39m
                             [31m│ [39m[31m[90m 12 |[31m[0m[39m
                             [31m│ [39m[31mat showCompileError (http://10.0.2.2:8081/index.bundle//&platform=android&dev=true&lazy=true&minify=false&app=com.myfirstapp&modulesOnly=false&runModule=true&excludeSource=true&sourcePaths=url-server:50897:26)[39m
                             [31m│ [39m[31mat anonymous (http://10.0.2.2:8081/index.bundle//&platform=android&dev=true&lazy=true&minify=false&app=com.myfirstapp&modulesOnly=false&runModule=true&excludeSource=true&sourcePaths=url-server:50823:29)[39m
                             [31m│ [39m[31mat call (native)[39m
                             [31m│ [39m[31mat emit (http://10.0.2.2:8081/index.bundle//&platform=android&dev=true&lazy=true&minify=false&app=com.myfirstapp&modulesOnly=false&runModule=true&excludeSource=true&sourcePaths=url-server:51410:35)[39m
                             [31m│ [39m[31mat anonymous (http://10.0.2.2:8081/index.bundle//&platform=android&dev=true&lazy=true&minify=false&app=com.myfirstapp&modulesOnly=false&runModule=true&excludeSource=true&sourcePaths=url-server:51190:23)[39m
                             [31m│ [39m[31mat invoke (http://10.0.2.2:8081/index.bundle//&platform=android&dev=true&lazy=true&minify=false&app=com.myfirstapp&modulesOnly=false&runModule=true&excludeSource=true&sourcePaths=url-server:20415:31)[39m
                             [31m│ [39m[31mat dispatch (http://10.0.2.2:8081/index.bundle//&platform=android&dev=true&lazy=true&minify=false&app=com.myfirstapp&modulesOnly=false&runModule=true&excludeSource=true&sourcePaths=url-server:20347:13)[39m
                             [31m│ [39m[31mat dispatchEvent (http://10.0.2.2:8081/index.bundle//&platform=android&dev=true&lazy=true&minify=false&app=com.myfirstapp&modulesOnly=false&runModule=true&excludeSource=true&sourcePaths=url-server:20297:17)[39m
                             [31m│ [39m[31mat anonymous (http://10.0.2.2:8081/index.bundle//&platform=android&dev=true&lazy=true&minify=false&app=com.myfirstapp&modulesOnly=false&runModule=true&excludeSource=true&sourcePaths=url-server:46641:29)[39m
                             [31m│ [39m[31mat apply (native)[39m
                             [31m│ [39m[31mat emit (http://10.0.2.2:8081/index.bundle//&platform=android&dev=true&lazy=true&minify=false&app=com.myfirstapp&modulesOnly=false&runModule=true&excludeSource=true&sourcePaths=url-server:5827:40)[39m
                             [31m│ [39m[31mat apply (native)[39m
                             [31m└ [39m[31mat anonymous (http://10.0.2.2:8081/index.bundle//&platform=android&dev=true&lazy=true&minify=false&app=com.myfirstapp&modulesOnly=false&runModule=true&excludeSource=true&sourcePaths=url-server:5693:200)[39m
[0m
[0m[2m[17:53:59][22m [31mE |[39m [1m[31mReactNativeJS[39m[22m [31m▶︎[39m [31mat emit (http://10.0.2.2:8081/index.bundle//&platform=android&dev=true&lazy=true&minify=false&app=com.myfirstapp&modulesOnly=false&runModule=true&excludeSource=true&sourcePaths=url-server:5705:68)[39m
[0m
[0m[2m[17:54:08][22m [31mE |[39m [1m[31mReactNativeJS[39m[22m [31m▶︎[39m [31m{ [Error: UnableToResolveError Unable to resolve module ./QuickAccessCard from D:\Priority1\Priority1MobileApp\src\features\home\components\index.ts:[39m
                             [31m│ [39m[31m[39m
                             [31m│ [39m[31mNone of these files exist:[39m
                             [31m│ [39m[31m* src\features\home\components\QuickAccessCard(.android.js|.native.js|.js|.android.jsx|.native.jsx|.jsx|.android.json|.native.json|.json|.android.ts|.native.ts|.ts|.android.tsx|.native.tsx|.tsx)[39m
                             [31m│ [39m[31m* src\features\home\components\QuickAccessCard[39m
                             [31m│ [39m[31m[0m [90m  9 |[31m [36mexport[31m [33m*[31m [36mfrom[31m [32m'./PatrolProgressSummaryCard'[31m[33m;[31m[39m
                             [31m│ [39m[31m[90m 10 |[31m [36mexport[31m [33m*[31m [36mfrom[31m [32m'./ClockInOutActionCard'[31m[33m;[31m[39m
                             [31m│ [39m[31m[31m[1m>[22m[31m[90m 11 |[31m [36mexport[31m [33m*[31m [36mfrom[31m [32m'./QuickAccessCard'[31m[33m;[31m[39m
                             [31m│ [39m[31m[90m    |[31m                [31m[1m^[22m[31m[39m
                             [31m└ [39m[31m[90m 12 |[31m[0m] preventSymbolication: true }[39m
[0m
[0m[2m[17:54:08][22m [31mE |[39m [1m[31mReactNativeJS[39m[22m [31m▶︎[39m [31m[2026-08-18T12:24:08.045Z] [ERROR] [ConsoleError] Error: UnableToResolveError Unable to resolve module ./QuickAccessCard from D:\Priority1\Priority1MobileApp\src\features\home\components\index.ts:[39m
                             [31m│ [39m[31m[39m
                             [31m│ [39m[31mNone of these files exist:[39m
                             [31m│ [39m[31m* src\features\home\components\QuickAccessCard(.android.js|.native.js|.js|.android.jsx|.native.jsx|.jsx|.android.json|.native.json|.json|.android.ts|.native.ts|.ts|.android.tsx|.native.tsx|.tsx)[39m
                             [31m│ [39m[31m* src\features\home\components\QuickAccessCard[39m
                             [31m│ [39m[31m[0m [90m  9 |[31m [36mexport[31m [33m*[31m [36mfrom[31m [32m'./PatrolProgressSummaryCard'[31m[33m;[31m[39m
                             [31m│ [39m[31m[90m 10 |[31m [36mexport[31m [33m*[31m [36mfrom[31m [32m'./ClockInOutActionCard'[31m[33m;[31m[39m
                             [31m│ [39m[31m[31m[1m>[22m[31m[90m 11 |[31m [36mexport[31m [33m*[31m [36mfrom[31m [32m'./QuickAccessCard'[31m[33m;[31m[39m
                             [31m│ [39m[31m[90m    |[31m                [31m[1m^[22m[31m[39m
                             [31m│ [39m[31m[90m 12 |[31m[0m[39m
                             [31m│ [39m[31mError: UnableToResolveError Unable to resolve module ./QuickAccessCard from D:\Priority1\Priority1MobileApp\src\features\home\components\index.ts:[39m
                             [31m│ [39m[31m[39m
                             [31m│ [39m[31mNone of these files exist:[39m
                             [31m│ [39m[31m* src\features\home\components\QuickAccessCard(.android.js|.native.js|.js|.android.jsx|.native.jsx|.jsx|.android.json|.native.json|.json|.android.ts|.native.ts|.ts|.android.tsx|.native.tsx|.tsx)[39m
                             [31m│ [39m[31m* src\features\home\components\QuickAccessCard[39m
                             [31m│ [39m[31m[0m [90m  9 |[31m [36mexport[31m [33m*[31m [36mfrom[31m [32m'./PatrolProgressSummaryCard'[31m[33m;[31m[39m
                             [31m│ [39m[31m[90m 10 |[31m [36mexport[31m [33m*[31m [36mfrom[31m [32m'./ClockInOutActionCard'[31m[33m;[31m[39m
                             [31m│ [39m[31m[31m[1m>[22m[31m[90m 11 |[31m [36mexport[31m [33m*[31m [36mfrom[31m [32m'./QuickAccessCard'[31m[33m;[31m[39m
                             [31m│ [39m[31m[90m    |[31m                [31m[1m^[22m[31m[39m
                             [31m│ [39m[31m[90m 12 |[31m[0m[39m
                             [31m│ [39m[31mat showCompileError (http://10.0.2.2:8081/index.bundle//&platform=android&dev=true&lazy=true&minify=false&app=com.myfirstapp&modulesOnly=false&runModule=true&excludeSource=true&sourcePaths=url-server:50897:26)[39m
                             [31m│ [39m[31mat anonymous (http://10.0.2.2:8081/index.bundle//&platform=android&dev=true&lazy=true&minify=false&app=com.myfirstapp&modulesOnly=false&runModule=true&excludeSource=true&sourcePaths=url-server:50823:29)[39m
                             [31m│ [39m[31mat call (native)[39m
                             [31m│ [39m[31mat emit (http://10.0.2.2:8081/index.bundle//&platform=android&dev=true&lazy=true&minify=false&app=com.myfirstapp&modulesOnly=false&runModule=true&excludeSource=true&sourcePaths=url-server:51410:35)[39m
                             [31m│ [39m[31mat anonymous (http://10.0.2.2:8081/index.bundle//&platform=android&dev=true&lazy=true&minify=false&app=com.myfirstapp&modulesOnly=false&runModule=true&excludeSource=true&sourcePaths=url-server:51190:23)[39m
                             [31m│ [39m[31mat invoke (http://10.0.2.2:8081/index.bundle//&platform=android&dev=true&lazy=true&minify=false&app=com.myfirstapp&modulesOnly=false&runModule=true&excludeSource=true&sourcePaths=url-server:20415:31)[39m
                             [31m│ [39m[31mat dispatch (http://10.0.2.2:8081/index.bundle//&platform=android&dev=true&lazy=true&minify=false&app=com.myfirstapp&modulesOnly=false&runModule=true&excludeSource=true&sourcePaths=url-server:20347:13)[39m
                             [31m│ [39m[31mat dispatchEvent (http://10.0.2.2:8081/index.bundle//&platform=android&dev=true&lazy=true&minify=false&app=com.myfirstapp&modulesOnly=false&runModule=true&excludeSource=true&sourcePaths=url-server:20297:17)[39m
                             [31m│ [39m[31mat anonymous (http://10.0.2.2:8081/index.bundle//&platform=android&dev=true&lazy=true&minify=false&app=com.myfirstapp&modulesOnly=false&runModule=true&excludeSource=true&sourcePaths=url-server:46641:29)[39m
                             [31m│ [39m[31mat apply (native)[39m
                             [31m│ [39m[31mat emit (http://10.0.2.2:8081/index.bundle//&platform=android&dev=true&lazy=true&minify=false&app=com.myfirstapp&modulesOnly=false&runModule=true&excludeSource=true&sourcePaths=url-server:5827:40)[39m
                             [31m│ [39m[31mat apply (native)[39m
                             [31m│ [39m[31mat anonymous (http://10.0.2.2:8081/index.bundle//&platform=android&dev=true&lazy=true&minify=false&app=com.myfirstapp&modulesOnly=false&runModule=true&excludeSource=true&sourcePaths=url-server:5693:200)[39m
                             [31m└ [39m[31mat emit (http://10.0.2.2:8081/index.bundle//&platform=android&dev=true&lazy=true&minify=false&app=com.myfirstapp&modulesOnly=false&runModule=true&excludeSource=true&sourcePaths=url-server:5705:68)[39m
[0m
[0m[2m[17:54:16][22m [31mE |[39m [1m[31mReactNativeJS[39m[22m [31m▶︎[39m [31m{ [Error: UnableToResolveError Unable to resolve module ./QuickAccessCard from D:\Priority1\Priority1MobileApp\src\features\home\components\index.ts:[39m
                             [31m│ [39m[31m[39m
                             [31m│ [39m[31mNone of these files exist:[39m
                             [31m│ [39m[31m* src\features\home\components\QuickAccessCard(.android.js|.native.js|.js|.android.jsx|.native.jsx|.jsx|.android.json|.native.json|.json|.android.ts|.native.ts|.ts|.android.tsx|.native.tsx|.tsx)[39m
                             [31m│ [39m[31m* src\features\home\components\QuickAccessCard[39m
                             [31m│ [39m[31m[0m [90m  9 |[31m [36mexport[31m [33m*[31m [36mfrom[31m [32m'./PatrolProgressSummaryCard'[31m[33m;[31m[39m
                             [31m│ [39m[31m[90m 10 |[31m [36mexport[31m [33m*[31m [36mfrom[31m [32m'./ClockInOutActionCard'[31m[33m;[31m[39m
                             [31m│ [39m[31m[31m[1m>[22m[31m[90m 11 |[31m [36mexport[31m [33m*[31m [36mfrom[31m [32m'./QuickAccessCard'[31m[33m;[31m[39m
                             [31m│ [39m[31m[90m    |[31m                [31m[1m^[22m[31m[39m
                             [31m│ [39m[31m[90m 12 |[31m[0m] preventSymbolication: true }[39m
                             [31m│ [39m[31m[2026-08-18T12:24:16.838Z] [ERROR] [ConsoleError] Error: UnableToResolveError Unable to resolve module ./QuickAccessCard from D:\Priority1\Priority1MobileApp\src\features\home\components\index.ts:[39m
                             [31m│ [39m[31m[39m
                             [31m│ [39m[31mNone of these files exist:[39m
                             [31m│ [39m[31m* src\features\home\components\QuickAccessCard(.android.js|.native.js|.js|.android.jsx|.native.jsx|.jsx|.android.json|.native.json|.json|.android.ts|.native.ts|.ts|.android.tsx|.native.tsx|.tsx)[39m
                             [31m│ [39m[31m* src\features\home\components\QuickAccessCard[39m
                             [31m│ [39m[31m[0m [90m  9 |[31m [36mexport[31m [33m*[31m [36mfrom[31m [32m'./PatrolProgressSummaryCard'[31m[33m;[31m[39m
                             [31m│ [39m[31m[90m 10 |[31m [36mexport[31m [33m*[31m [36mfrom[31m [32m'./ClockInOutActionCard'[31m[33m;[31m[39m
                             [31m│ [39m[31m[31m[1m>[22m[31m[90m 11 |[31m [36mexport[31m [33m*[31m [36mfrom[31m [32m'./QuickAccessCard'[31m[33m;[31m[39m
                             [31m│ [39m[31m[90m    |[31m                [31m[1m^[22m[31m[39m
                             [31m│ [39m[31m[90m 12 |[31m[0m[39m
                             [31m│ [39m[31mError: UnableToResolveError Unable to resolve module ./QuickAccessCard from D:\Priority1\Priority1MobileApp\src\features\home\components\index.ts:[39m
                             [31m│ [39m[31m[39m
                             [31m│ [39m[31mNone of these files exist:[39m
                             [31m│ [39m[31m* src\features\home\components\QuickAccessCard(.android.js|.native.js|.js|.android.jsx|.native.jsx|.jsx|.android.json|.native.json|.json|.android.ts|.native.ts|.ts|.android.tsx|.native.tsx|.tsx)[39m
                             [31m│ [39m[31m* src\features\home\components\QuickAccessCard[39m
                             [31m│ [39m[31m[0m [90m  9 |[31m [36mexport[31m [33m*[31m [36mfrom[31m [32m'./PatrolProgressSummaryCard'[31m[33m;[31m[39m
                             [31m│ [39m[31m[90m 10 |[31m [36mexport[31m [33m*[31m [36mfrom[31m [32m'./ClockInOutActionCard'[31m[33m;[31m[39m
                             [31m│ [39m[31m[31m[1m>[22m[31m[90m 11 |[31m [36mexport[31m [33m*[31m [36mfrom[31m [32m'./QuickAccessCard'[31m[33m;[31m[39m
                             [31m│ [39m[31m[90m    |[31m                [31m[1m^[22m[31m[39m
                             [31m│ [39m[31m[90m 12 |[31m[0m[39m
                             [31m│ [39m[31mat showCompileError (http://10.0.2.2:8081/index.bundle//&platform=android&dev=true&lazy=true&minify=false&app=com.myfirstapp&modulesOnly=false&runModule=true&excludeSource=true&sourcePaths=url-server:50897:26)[39m
                             [31m│ [39m[31mat anonymous (http://10.0.2.2:8081/index.bundle//&platform=android&dev=true&lazy=true&minify=false&app=com.myfirstapp&modulesOnly=false&runModule=true&excludeSource=true&sourcePaths=url-server:50823:29)[39m
                             [31m│ [39m[31mat call (native)[39m
                             [31m│ [39m[31mat emit (http://10.0.2.2:8081/index.bundle//&platform=android&dev=true&lazy=true&minify=false&app=com.myfirstapp&modulesOnly=false&runModule=true&excludeSource=true&sourcePaths=url-server:51410:35)[39m
                             [31m│ [39m[31mat anonymous (http://10.0.2.2:8081/index.bundle//&platform=android&dev=true&lazy=true&minify=false&app=com.myfirstapp&modulesOnly=false&runModule=true&excludeSource=true&sourcePaths=url-server:51190:23)[39m
                             [31m│ [39m[31mat invoke (http://10.0.2.2:8081/index.bundle//&platform=android&dev=true&lazy=true&minify=false&app=com.myfirstapp&modulesOnly=false&runModule=true&excludeSource=true&sourcePaths=url-server:20415:31)[39m
                             [31m│ [39m[31mat dispatch (http://10.0.2.2:8081/index.bundle//&platform=android&dev=true&lazy=true&minify=false&app=com.myfirstapp&modulesOnly=false&runModule=true&excludeSource=true&sourcePaths=url-server:20347:13)[39m
                             [31m│ [39m[31mat dispatchEvent (http://10.0.2.2:8081/index.bundle//&platform=android&dev=true&lazy=true&minify=false&app=com.myfirstapp&modulesOnly=false&runModule=true&excludeSource=true&sourcePaths=url-server:20297:17)[39m
                             [31m│ [39m[31mat anonymous (http://10.0.2.2:8081/index.bundle//&platform=android&dev=true&lazy=true&minify=false&app=com.myfirstapp&modulesOnly=false&runModule=true&excludeSource=true&sourcePaths=url-server:46641:29)[39m
                             [31m│ [39m[31mat apply (native)[39m
                             [31m│ [39m[31mat emit (http://10.0.2.2:8081/index.bundle//&platform=android&dev=true&lazy=true&minify=false&app=com.myfirstapp&modulesOnly=false&runModule=true&excludeSource=true&sourcePaths=url-server:5827:40)[39m
                             [31m│ [39m[31mat apply (native)[39m
                             [31m│ [39m[31mat anonymous (http://10.0.2.2:8081/index.bundle//&platform=android&dev=true&lazy=true&minify=false&app=com.myfirstapp&modulesOnly=false&runModule=true&excludeSource=true&sourcePaths=url-server:5693:200)[39m
                             [31m└ [39m[31mat emit (http://10.0.2.2:8081/index.bundle//&platform=android&dev=true&lazy=true&minify=false&app=com.myfirstapp&modulesOnly=false&runModule=true&excludeSource=true&sourcePaths=url-server:5705:68)[39m
[0m
[0m[2m[17:54:35][22m [31mE |[39m [1m[31mReactNativeJS[39m[22m [31m▶︎[39m [31m{ [Error: UnableToResolveError Unable to resolve module ./QuickAccessCard from D:\Priority1\Priority1MobileApp\src\features\home\components\index.ts:[39m
                             [31m│ [39m[31m[39m
                             [31m│ [39m[31mNone of these files exist:[39m
                             [31m│ [39m[31m* src\features\home\components\QuickAccessCard(.android.js|.native.js|.js|.android.jsx|.native.jsx|.jsx|.android.json|.native.json|.json|.android.ts|.native.ts|.ts|.android.tsx|.native.tsx|.tsx)[39m
                             [31m│ [39m[31m* src\features\home\components\QuickAccessCard[39m
                             [31m│ [39m[31m[0m [90m  9 |[31m [36mexport[31m [33m*[31m [36mfrom[31m [32m'./PatrolProgressSummaryCard'[31m[33m;[31m[39m
                             [31m│ [39m[31m[90m 10 |[31m [36mexport[31m [33m*[31m [36mfrom[31m [32m'./ClockInOutActionCard'[31m[33m;[31m[39m
                             [31m│ [39m[31m[31m[1m>[22m[31m[90m 11 |[31m [36mexport[31m [33m*[31m [36mfrom[31m [32m'./QuickAccessCard'[31m[33m;[31m[39m
                             [31m│ [39m[31m[90m    |[31m                [31m[1m^[22m[31m[39m
                             [31m└ [39m[31m[90m 12 |[31m[0m] preventSymbolication: true }[39m
[0m
[0m[2m[17:54:35][22m [31mE |[39m [1m[31mReactNativeJS[39m[22m [31m▶︎[39m [31m[2026-08-18T12:24:35.867Z] [ERROR] [ConsoleError] Error: UnableToResolveError Unable to resolve module ./QuickAccessCard from D:\Priority1\Priority1MobileApp\src\features\home\components\index.ts:[39m
                             [31m│ [39m[31m[39m
                             [31m│ [39m[31mNone of these files exist:[39m
                             [31m│ [39m[31m* src\features\home\components\QuickAccessCard(.android.js|.native.js|.js|.android.jsx|.native.jsx|.jsx|.android.json|.native.json|.json|.android.ts|.native.ts|.ts|.android.tsx|.native.tsx|.tsx)[39m
                             [31m│ [39m[31m* src\features\home\components\QuickAccessCard[39m
                             [31m│ [39m[31m[0m [90m  9 |[31m [36mexport[31m [33m*[31m [36mfrom[31m [32m'./PatrolProgressSummaryCard'[31m[33m;[31m[39m
                             [31m│ [39m[31m[90m 10 |[31m [36mexport[31m [33m*[31m [36mfrom[31m [32m'./ClockInOutActionCard'[31m[33m;[31m[39m
                             [31m│ [39m[31m[31m[1m>[22m[31m[90m 11 |[31m [36mexport[31m [33m*[31m [36mfrom[31m [32m'./QuickAccessCard'[31m[33m;[31m[39m
                             [31m│ [39m[31m[90m    |[31m                [31m[1m^[22m[31m[39m
                             [31m│ [39m[31m[90m 12 |[31m[0m[39m
                             [31m│ [39m[31mError: UnableToResolveError Unable to resolve module ./QuickAccessCard from D:\Priority1\Priority1MobileApp\src\features\home\components\index.ts:[39m
                             [31m│ [39m[31m[39m
                             [31m│ [39m[31mNone of these files exist:[39m
                             [31m│ [39m[31m* src\features\home\components\QuickAccessCard(.android.js|.native.js|.js|.android.jsx|.native.jsx|.jsx|.android.json|.native.json|.json|.android.ts|.native.ts|.ts|.android.tsx|.native.tsx|.tsx)[39m
                             [31m│ [39m[31m* src\features\home\components\QuickAccessCard[39m
                             [31m│ [39m[31m[0m [90m  9 |[31m [36mexport[31m [33m*[31m [36mfrom[31m [32m'./PatrolProgressSummaryCard'[31m[33m;[31m[39m
                             [31m│ [39m[31m[90m 10 |[31m [36mexport[31m [33m*[31m [36mfrom[31m [32m'./ClockInOutActionCard'[31m[33m;[31m[39m
                             [31m│ [39m[31m[31m[1m>[22m[31m[90m 11 |[31m [36mexport[31m [33m*[31m [36mfrom[31m [32m'./QuickAccessCard'[31m[33m;[31m[39m
                             [31m│ [39m[31m[90m    |[31m                [31m[1m^[22m[31m[39m
                             [31m│ [39m[31m[90m 12 |[31m[0m[39m
                             [31m│ [39m[31mat showCompileError (http://10.0.2.2:8081/index.bundle//&platform=android&dev=true&lazy=true&minify=false&app=com.myfirstapp&modulesOnly=false&runModule=true&excludeSource=true&sourcePaths=url-server:50897:26)[39m
                             [31m│ [39m[31mat anonymous (http://10.0.2.2:8081/index.bundle//&platform=android&dev=true&lazy=true&minify=false&app=com.myfirstapp&modulesOnly=false&runModule=true&excludeSource=true&sourcePaths=url-server:50823:29)[39m
                             [31m│ [39m[31mat call (native)[39m
                             [31m│ [39m[31mat emit (http://10.0.2.2:8081/index.bundle//&platform=android&dev=true&lazy=true&minify=false&app=com.myfirstapp&modulesOnly=false&runModule=true&excludeSource=true&sourcePaths=url-server:51410:35)[39m
                             [31m│ [39m[31mat anonymous (http://10.0.2.2:8081/index.bundle//&platform=android&dev=true&lazy=true&minify=false&app=com.myfirstapp&modulesOnly=false&runModule=true&excludeSource=true&sourcePaths=url-server:51190:23)[39m
                             [31m│ [39m[31mat invoke (http://10.0.2.2:8081/index.bundle//&platform=android&dev=true&lazy=true&minify=false&app=com.myfirstapp&modulesOnly=false&runModule=true&excludeSource=true&sourcePaths=url-server:20415:31)[39m
                             [31m└ [39m[31mat dispatch (http://10.0.2.2:8081/index.bundle//&platform=android&dev=true&lazy=true&minify=false&app=com.myfirstapp&modulesOnly=false&runModule=t[39m
[0m
[0m[2m[17:54:35][22m [31mE |[39m [1m[31mReactNativeJS[39m[22m [31m▶︎[39m [31mat dispatchEvent (http://10.0.2.2:8081/index.bundle//&platform=android&dev=true&lazy=true&minify=false&app=com.myfirstapp&modulesOnly=false&runModule=true&excludeSource=true&sourcePaths=url-server:20297:17)[39m
                             [31m│ [39m[31mat anonymous (http://10.0.2.2:8081/index.bundle//&platform=android&dev=true&lazy=true&minify=false&app=com.myfirstapp&modulesOnly=false&runModule=true&excludeSource=true&sourcePaths=url-server:46641:29)[39m
                             [31m│ [39m[31mat apply (native)[39m
                             [31m│ [39m[31mat emit (http://10.0.2.2:8081/index.bundle//&platform=android&dev=true&lazy=true&minify=false&app=com.myfirstapp&modulesOnly=false&runModule=true&excludeSource=true&sourcePaths=url-server:5827:40)[39m
                             [31m│ [39m[31mat apply (native)[39m
                             [31m│ [39m[31mat anonymous (http://10.0.2.2:8081/index.bundle//&platform=android&dev=true&lazy=true&minify=false&app=com.myfirstapp&modulesOnly=false&runModule=true&excludeSource=true&sourcePaths=url-server:5693:200)[39m
                             [31m└ [39m[31mat emit (http://10.0.2.2:8081/index.bundle//&platform=android&dev=true&lazy=true&minify=false&app=com.myfirstapp&modulesOnly=false&runModule=true&excludeSource=true&sourcePaths=url-server:5705:68)[39m
[0m
[0m[2m[17:55:09][22m I | [1mReactNativeJS[22m ▶︎ [2026-08-18T12:25:09.184Z] [INFO] [DB] getTable: read employees table, returned 4 rows
[0m
[0m[2m[17:55:09][22m I | [1mReactNativeJS[22m ▶︎ [2026-08-18T12:25:09.873Z] [INFO] [DB] getTable: read shifts table, returned 1 rows
[0m
[0m[2m[17:55:10][22m I | [1mReactNativeJS[22m ▶︎ [2026-08-18T12:25:10.162Z] [INFO] [DB] getTable: read attendance table, returned 10 rows
[0m
[0m[2m[17:55:10][22m I | [1mReactNativeJS[22m ▶︎ [2026-08-18T12:25:10.190Z] [INFO] [DB] getTable: read patrols table, returned 2 rows
[0m
[0m[2m[17:55:10][22m I | [1mReactNativeJS[22m ▶︎ [2026-08-18T12:25:10.451Z] [INFO] [DB] getTable: read leaves table, returned 1 rows
[0m
[0m[2m[17:55:10][22m I | [1mReactNativeJS[22m ▶︎ [2026-08-18T12:25:10.496Z] [INFO] [DB] getTable: read employees table, returned 4 rows
[0m
[0m[2m[17:55:10][22m I | [1mReactNativeJS[22m ▶︎ [2026-08-18T12:25:10.581Z] [INFO] [DB] getTable: read incidents table, returned 13 rows
[0m
[0m[2m[17:55:10][22m I | [1mReactNativeJS[22m ▶︎ [2026-08-18T12:25:10.592Z] [INFO] [DB] getTable: read employees table, returned 4 rows
[0m
[0m[2m[17:55:10][22m I | [1mReactNativeJS[22m ▶︎ [2026-08-18T12:25:10.666Z] [INFO] [DB] getTable: read messages table, returned 2 rows
[0m
[0m[2m[17:55:10][22m I | [1mReactNativeJS[22m ▶︎ [2026-08-18T12:25:10.696Z] [INFO] [DB] getTable: read shifts table, returned 1 rows
[0m
[0m[2m[17:55:10][22m I | [1mReactNativeJS[22m ▶︎ [2026-08-18T12:25:10.784Z] [INFO] [DB] getTable: read notifications table, returned 21 rows
[0m
[0m[2m[17:55:11][22m I | [1mReactNativeJS[22m ▶︎ [2026-08-18T12:25:11.021Z] [INFO] [DB] getTable: read patrols table, returned 2 rows
                             [2m└ [22m[2026-08-18T12:25:11.027Z] [INFO] [GuardStore] Hydration completed successfully for G-1001
[0m
[0m[2m[17:55:12][22m I | [1mReactNativeJS[22m ▶︎ [2026-08-18T12:25:12.471Z] [INFO] [DB] getTable: read leaves table, returned 1 rows
[0m
[0m[2m[17:55:13][22m I | [1mReactNativeJS[22m ▶︎ [2026-08-18T12:25:13.538Z] [INFO] [DB] getTable: read incidents table, returned 13 rows
[0m
[0m[2m[17:55:13][22m I | [1mReactNativeJS[22m ▶︎ [2026-08-18T12:25:13.961Z] [INFO] [DB] getTable: read messages table, returned 2 rows
[0m
[0m[2m[17:55:13][22m I | [1mReactNativeJS[22m ▶︎ [2026-08-18T12:25:13.998Z] [INFO] [DB] getTable: read notifications table, returned 21 rows
[0m
[0m[2m[17:55:14][22m I | [1mReactNativeJS[22m ▶︎ [2026-08-18T12:25:14.108Z] [INFO] [GuardStore] Hydration completed successfully for G-1001
[0m
[0m[2m[18:02:19][22m I | [1mReactNativeJS[22m ▶︎ [2026-08-18T12:32:19.787Z] [INFO] [DB] getTable: read sites table, returned 3 rows
[0m
[0m[2m[18:11:14][22m [33mW |[39m [1m[33mReactNativeJS[39m[22m [33m▶︎[39m [33mCannot connect to Metro.[39m
                             [33m│ [39m[33m[39m
                             [33m│ [39m[33mTry the following to fix the issue:[39m
                             [33m│ [39m[33m- Ensure that Metro is running and available on the same network[39m
                             [33m│ [39m[33m- Ensure that your device/emulator is connected to your machine and has USB debugging enabled - run 'adb devices' to see a list of connected devices[39m
                             [33m│ [39m[33m- If you're on a physical device connected to the same machine, run 'adb reverse tcp:8081 tcp:8081' to forward requests from your device[39m
                             [33m│ [39m[33m- If your device is on the same Wi-Fi network, set 'Debug server host & port for device' in 'Dev settings' to your machine's IP address and the port of the local dev server - e.g. 10.0.1.1:8081[39m
                             [33m│ [39m[33m[39m
                             [33m│ [39m[33mURL: 10.0.2.2:8081[39m
                             [33m│ [39m[33m[39m
                             [33m└ [39m[33mError: undefined[39m
[0m
[0m[2m[18:11:14][22m [33mW |[39m [1m[33mReactNativeJS[39m[22m [33m▶︎[39m [33m[2026-08-18T12:41:14.088Z] [WARN] [ConsoleWarn] Cannot connect to Metro.[39m
                             [33m│ [39m[33m[39m
                             [33m│ [39m[33mTry the following to fix the issue:[39m
                             [33m│ [39m[33m- Ensure that Metro is running and available on the same network[39m
                             [33m│ [39m[33m- Ensure that your device/emulator is connected to your machine and has USB debugging enabled - run 'adb devices' to see a list of connected devices[39m
                             [33m│ [39m[33m- If you're on a physical device connected to the same machine, run 'adb reverse tcp:8081 tcp:8081' to forward requests from your device[39m
                             [33m│ [39m[33m- If your device is on the same Wi-Fi network, set 'Debug server host & port for device' in 'Dev settings' to your machine's IP address and the port of the local dev server - e.g. 10.0.1.1:8081[39m
                             [33m│ [39m[33m[39m
                             [33m│ [39m[33mURL: 10.0.2.2:8081[39m
                             [33m│ [39m[33m[39m
                             [33m└ [39m[33mError: undefined[39m
[0m
[0m[2m[18:16:44][22m I | [1mReactNativeJS[22m ▶︎ Running "MyFirstApp" with {"rootTag":1,"initialProps":{},"fabric":true}
[0m
[0m[2m[18:16:46][22m I | [1mReactNative[22m ▶︎ [GESTURE HANDLER] Initialize gesture handler for root view com.facebook.react.runtime.ReactSurfaceView{fa3ed91 V.E...... ......ID 0,0-1080,2400 #1}
[0m
[0m[2m[18:16:48][22m I | [1mReactNativeJS[22m ▶︎ [2026-08-18T12:46:48.572Z] [INFO] [DB] getTable: read employees table, returned 4 rows
[0m
[0m[2m[18:16:48][22m I | [1mReactNativeJS[22m ▶︎ [2026-08-18T12:46:48.703Z] [INFO] [DB] getTable: read employees table, returned 4 rows
[0m
[0m[2m[18:16:48][22m I | [1mReactNativeJS[22m ▶︎ [2026-08-18T12:46:48.925Z] [INFO] [DB] getTable: read shifts table, returned 1 rows
[0m
[0m[2m[18:16:49][22m I | [1mReactNativeJS[22m ▶︎ [2026-08-18T12:46:49.319Z] [INFO] [DB] getTable: read attendance table, returned 10 rows
[0m
[0m[2m[18:16:49][22m I | [1mReactNativeJS[22m ▶︎ [2026-08-18T12:46:49.405Z] [INFO] [DB] getTable: read patrols table, returned 2 rows
[0m
[0m[2m[18:16:49][22m I | [1mReactNativeJS[22m ▶︎ [2026-08-18T12:46:49.488Z] [INFO] [DB] getTable: read leaves table, returned 1 rows
[0m
[0m[2m[18:16:49][22m I | [1mReactNativeJS[22m ▶︎ [2026-08-18T12:46:49.557Z] [INFO] [DB] getTable: read incidents table, returned 13 rows
[0m
[0m[2m[18:16:49][22m I | [1mReactNativeJS[22m ▶︎ [2026-08-18T12:46:49.651Z] [INFO] [DB] getTable: read messages table, returned 2 rows
[0m
[0m[2m[18:16:49][22m I | [1mReactNativeJS[22m ▶︎ [2026-08-18T12:46:49.736Z] [INFO] [DB] getTable: read notifications table, returned 21 rows
[0m
[0m[2m[18:16:50][22m I | [1mReactNativeJS[22m ▶︎ [2026-08-18T12:46:50.930Z] [INFO] [GuardStore] Hydration completed successfully for G-1001
[0m
[0m[2m[18:16:58][22m I | [1mReactNativeJS[22m ▶︎ [2026-08-18T12:46:58.319Z] [INFO] [AttendanceCard] Current Attendance Info - Status: Checked In, ClockIn: 5:37 PM, ClockOut: --:--
[0m
[0m[2m[18:27:37][22m [31mE |[39m [1m[31mReactNativeJS[39m[22m [31m▶︎[39m [31m{ [Error: TransformError SyntaxError: D:\Priority1\Priority1MobileApp\src\features\holidays\screens\HolidaysScreen.tsx: Unexpected token, expected "," (507:11)[39m
                             [31m│ [39m[31m[39m
                             [31m│ [39m[31m[0m [90m 505 |[31m   cardHeader[33m:[31m {[39m
                             [31m│ [39m[31m[90m 506 |[31m     flexDirection[33m:[31m [32m'row'[31m[33m,[31m[39m
                             [31m│ [39m[31m[31m[1m>[22m[31m[90m 507 |[31m     justify[33m.[31mcontent[33m:[31m [32m'space-between'[31m[33m,[31m[39m
                             [31m│ [39m[31m[90m     |[31m            [31m[1m^[22m[31m[39m
                             [31m│ [39m[31m[90m 508 |[31m     alignItems[33m:[31m [32m'flex-start'[31m[33m,[31m[39m
                             [31m│ [39m[31m[90m 509 |[31m   }[33m,[31m[39m
                             [31m└ [39m[31m[90m 510 |[31m   badgeColumn[33m:[31m {[0m] preventSymbolication: true }[39m
[0m
[0m[2m[18:27:37][22m [31mE |[39m [1m[31mReactNativeJS[39m[22m [31m▶︎[39m [31m[2026-08-18T12:57:37.868Z] [ERROR] [ConsoleError] Error: TransformError SyntaxError: D:\Priority1\Priority1MobileApp\src\features\holidays\screens\HolidaysScreen.tsx: Unexpected token, expected "," (507:11)[39m
                             [31m│ [39m[31m[39m
                             [31m│ [39m[31m[0m [90m 505 |[31m   cardHeader[33m:[31m {[39m
                             [31m│ [39m[31m[90m 506 |[31m     flexDirection[33m:[31m [32m'row'[31m[33m,[31m[39m
                             [31m│ [39m[31m[31m[1m>[22m[31m[90m 507 |[31m     justify[33m.[31mcontent[33m:[31m [32m'space-between'[31m[33m,[31m[39m
                             [31m│ [39m[31m[90m     |[31m            [31m[1m^[22m[31m[39m
                             [31m│ [39m[31m[90m 508 |[31m     alignItems[33m:[31m [32m'flex-start'[31m[33m,[31m[39m
                             [31m│ [39m[31m[90m 509 |[31m   }[33m,[31m[39m
                             [31m│ [39m[31m[90m 510 |[31m   badgeColumn[33m:[31m {[0m[39m
                             [31m│ [39m[31mError: TransformError SyntaxError: D:\Priority1\Priority1MobileApp\src\features\holidays\screens\HolidaysScreen.tsx: Unexpected token, expected "," (507:11)[39m
                             [31m│ [39m[31m[39m
                             [31m│ [39m[31m[0m [90m 505 |[31m   cardHeader[33m:[31m {[39m
                             [31m│ [39m[31m[90m 506 |[31m     flexDirection[33m:[31m [32m'row'[31m[33m,[31m[39m
                             [31m│ [39m[31m[31m[1m>[22m[31m[90m 507 |[31m     justify[33m.[31mcontent[33m:[31m [32m'space-between'[31m[33m,[31m[39m
                             [31m│ [39m[31m[90m     |[31m            [31m[1m^[22m[31m[39m
                             [31m│ [39m[31m[90m 508 |[31m     alignItems[33m:[31m [32m'flex-start'[31m[33m,[31m[39m
                             [31m│ [39m[31m[90m 509 |[31m   }[33m,[31m[39m
                             [31m│ [39m[31m[90m 510 |[31m   badgeColumn[33m:[31m {[0m[39m
                             [31m│ [39m[31mat showCompileError (http://10.0.2.2:8081/index.bundle//&platform=android&dev=true&lazy=true&minify=false&app=com.myfirstapp&modulesOnly=false&runModule=true&excludeSource=true&sourcePaths=url-server:50897:26)[39m
                             [31m│ [39m[31mat anonymous (http://10.0.2.2:8081/index.bundle//&platform=android&dev=true&lazy=true&minify=false&app=com.myfirstapp&modulesOnly=false&runModule=true&excludeSource=true&sourcePaths=url-server:50823:29)[39m
                             [31m│ [39m[31mat call (native)[39m
                             [31m│ [39m[31mat emit (http://10.0.2.2:8081/index.bundle//&platform=android&dev=true&lazy=true&minify=false&app=com.myfirstapp&modulesOnly=false&runModule=true&excludeSource=true&sourcePaths=url-server:51410:35)[39m
                             [31m│ [39m[31mat anonymous (http://10.0.2.2:8081/index.bundle//&platform=android&dev=true&lazy=true&minify=false&app=com.myfirstapp&modulesOnly=false&runModule=true&excludeSource=true&sourcePaths=url-server:51190:23)[39m
                             [31m│ [39m[31mat invoke (http://10.0.2.2:8081/index.bundle//&platform=android&dev=true&lazy=true&minify=false&app=com.myfirstapp&modulesOnly=false&runModule=true&excludeSource=true&sourcePaths=url-server:20415:31)[39m
                             [31m│ [39m[31mat dispatch (http://10.0.2.2:8081/index.bundle//&platform=android&dev=true&lazy=true&minify=false&app=com.myfirstapp&modulesOnly=false&runModule=true&excludeSource=true&sourcePaths=url-server:20347:13)[39m
                             [31m│ [39m[31mat dispatchEvent (http://10.0.2.2:8081/index.bundle//&platform=android&dev=true&lazy=true&minify=false&app=com.myfirstapp&modulesOnly=false&runModule=true&excludeSource=true&sourcePaths=url-server:20297:17)[39m
                             [31m│ [39m[31mat anonymous (http://10.0.2.2:8081/index.bundle//&platform=android&dev=true&lazy=true&minify=false&app=com.myfirstapp&modulesOnly=false&runModule=true&excludeSource=true&sourcePaths=url-server:46641:29)[39m
                             [31m│ [39m[31mat apply (native)[39m
                             [31m│ [39m[31mat emit (http://10.0.2.2:8081/index.bundle//&platform=android&dev=true&lazy=true&minify=false&app=com.myfirstapp&modulesOnly=false&runModule=true&excludeSource=true&sourcePaths=url-server:5827:40)[39m
                             [31m│ [39m[31mat apply (native)[39m
                             [31m│ [39m[31mat anonymous (http://10.0.2.2:8081/index.bundle//&platform=android&dev=true&lazy=true&minify=false&app=com.myfirstapp&modulesOnly=false&runModule=true&excludeSource=true&sourcePaths=url-server:5693:200)[39m
                             [31m└ [39m[31mat emit (http://10.0.2.2:8081/index.bundle//&platform=android&dev=true&lazy=true&minify=false&app=com.myfirstapp&modulesOnly=false&runModule=true&excludeSource=true&sourcePaths=url-server:5705:68)[39m
[0m
[0m[2m[18:28:03][22m [31mE |[39m [1m[31mReactNativeJS[39m[22m [31m▶︎[39m [31m{ [TypeError: undefined is not a function][39m
                             [31m│ [39m[31mcomponentStack: '\n    at HolidaysScreen (http://10.0.2.2:8081/src/features/holidays/screens/HolidaysScreen.bundle//&platform=android&dev=true&lazy=true&minify=false&app=com.myfirstapp&modulesOnly=true&runModule=true&sourcePaths=url-server&shallow=true:132:101)\n    at StaticContainer (http://10.0.2.2:8081/index.bundle//&platform=android&dev=true&lazy=true&minify=false&app=com.myfirstapp&modulesOnly=false&runModule=true&excludeSource=true&sourcePaths=url-server:96300:17)\n    at EnsureSingleNavigator (http://10.0.2.2:8081/index.bundle//&platform=android&dev=true&lazy=true&minify=false&app=com.myfirstapp&modulesOnly=false&runModule=true&excludeSource=true&sourcePaths=url-server:91504:3)\n    at SceneView (http://10.0.2.2:8081/index.bundle//&platform=android&dev=true&lazy=true&minify=false&app=com.myfirstapp&modulesOnly=false&runModule=true&excludeSource=true&sourcePaths=url-server:96173:3)\n    at NavigationProvider (http://10.0.2.2:8081/index.bundle//&platform=android&dev=true&lazy=true&minify=false&app=com.myfirstapp&modulesOnly=false&runModule=true&excludeSource=true&sourcePaths=url-server:91665:3)\n    at RNSScreenContentWrapper (<anonymous>)\n    at ScreenContentWrapper (<anonymous>)\n    at DebugContainer (http://10.0.2.2:8081/index.bundle//&platform=android&dev=true&lazy=true&minify=false&app=com.myfirstapp&modulesOnly=false&runModule=true&excludeSource=true&sourcePaths=url-server:105604:31)\n    at RNSScreen (<anonymous>)\n    at Animated(Anonymous) (http://10.0.2.2:8081/index.bundle//&platform=android&dev=true&lazy=true&minify=false&app=com.myfirstapp&modulesOnly=false&runModule=true&excludeSource=true&sourcePaths=url-server:62570:29)\n    at Suspender (http://10.0.2.2:8081/index.bundle//&platform=android&dev=true&lazy=true&minify=false&app=com.myfirstapp&modulesOnly=false&runModule=true&excludeSource=true&sourcePaths=url-server:104669:3)\n    at Suspense (<anonymous>)\n    at Freeze (http://10.0.2.2:8081/index.bundle//&platform=android&dev=true&lazy=true&minify=false&app=com.myfirstapp&modulesOnly=false&runModule=true&excludeSource=true&sourcePaths=url-server:104680:3)\n    at DelayedFreeze (http://10.0.2.2:8081/index.bundle//&platform=android&dev=true&lazy=true&minify=false&app=com.myfirstapp&modulesOnly=false&runModule=true&excludeSource=true&sourcePaths=url-server:104633:3)\n    at InnerScreen (http://10.0.2.2:8081/index.bundle//&platform=android&dev=true&lazy=true&minify=false&app=com.myfirstapp&modulesOnly=false&runModule=true&excludeSource=true&sourcePaths=url-server:104410:41)\n    at Screen (http://10.0.2.2:8081/index.bundle//&platform=android&dev=true&lazy=true&minify=false&app=com.myfirstapp&modulesOnly=false&runModule=true&excludeSource=true&sourcePaths=url-server:104601:50)\n    at ScreenStackItem (http://10.0.2.2:8081/index.bundle//&platform=android&dev=true&lazy=true&minify=false&app=com.myfirstapp&modulesOnly=false&runModule=true&excludeSource=true&sourcePaths=url-server:105390:3)\n    at NavigationProvider (http://10.0.2.2:8081/index.bundle//&platform=android&dev=true&lazy=true&minify=false&app=com.myfirstapp&modulesOnly=false&runModule=true&excludeSource=true&sourcePaths=url-server:91665:3)\n    at SceneView (http://10.0.2.2:8081/index.bundle//&platform=android&dev=true&lazy=true&minify=false&app=com.myfirstapp&modulesOnly=false&runModule=true&excludeSource=true&sourcePaths=url-server:106545:19)\n    at RNSScreenStack (<anonymous>)\n    at anonymous (http://10.0.2.2:8081/index.bundle//&platform=android&dev=true&lazy=true&minify=false&app=com.myfirstapp&modulesOnly=false&runModule=true&excludeSource=true&sourcePaths=url-server:105369:20)\n    at ScreenStack (http://10.0.2.2:8081/index.bundle//&platform=android&dev=true&lazy=true&minify=false&app=com.myfirstapp&modulesOnly=false&runModule=true&excludeSource=true&sourcePaths=url-server:105269:30)\n    at RCTView (<anonymous>)\n    at View_withRef (address at http://10.0.2.2:8081/index.bundle?platform=android&dev=true&lazy=true&minify=false&app=com.myfirstapp&modulesOnly=f[39m
                             [31m└ [39m[31misComponentError: true }[39m
[0m
[0m[2m[18:28:03][22m [31mE |[39m [1m[31mReactNativeJS[39m[22m [31m▶︎[39m [31m[2026-08-18T12:58:03.689Z] [ERROR] [ConsoleError] TypeError: undefined is not a function[39m
                             [31m│ [39m[31mTypeError: undefined is not a function[39m
                             [31m│ [39m[31mat anonymous (http://10.0.2.2:8081/src/features/holidays/screens/HolidaysScreen.bundle//&platform=android&dev=true&lazy=true&minify=false&app=com.myfirstapp&modulesOnly=true&runModule=true&sourcePaths=url-server&shallow=true:155:101)[39m
                             [31m│ [39m[31mat filter (native)[39m
                             [31m│ [39m[31mat HolidaysScreen (http://10.0.2.2:8081/src/features/holidays/screens/HolidaysScreen.bundle//&platform=android&dev=true&lazy=true&minify=false&app=com.myfirstapp&modulesOnly=true&runModule=true&sourcePaths=url-server&shallow=true:152:47)[39m
                             [31m│ [39m[31mat react_stack_bottom_frame (http://10.0.2.2:8081/index.bundle//&platform=android&dev=true&lazy=true&minify=false&app=com.myfirstapp&modulesOnly=false&runModule=true&excludeSource=true&sourcePaths=url-server:17664:29)[39m
                             [31m│ [39m[31mat renderWithHooks (http://10.0.2.2:8081/index.bundle//&platform=android&dev=true&lazy=true&minify=false&app=com.myfirstapp&modulesOnly=false&runModule=true&excludeSource=true&sourcePaths=url-server:12300:40)[39m
                             [31m│ [39m[31mat updateFunctionComponent (http://10.0.2.2:8081/index.bundle//&platform=android&dev=true&lazy=true&minify=false&app=com.myfirstapp&modulesOnly=false&runModule=true&excludeSource=true&sourcePaths=url-server:13586:34)[39m
                             [31m│ [39m[31mat beginWork (http://10.0.2.2:8081/index.bundle//&platform=android&dev=true&lazy=true&minify=false&app=com.myfirstapp&modulesOnly=false&runModule=true&excludeSource=true&sourcePaths=url-server:14044:41)[39m
                             [31m│ [39m[31mat run (native)[39m
                             [31m│ [39m[31mat runWithFiberInDEV (http://10.0.2.2:8081/index.bundle//&platform=android&dev=true&lazy=true&minify=false&app=com.myfirstapp&modulesOnly=false&runModule=true&excludeSource=true&sourcePaths=url-server:9756:73)[39m
                             [31m│ [39m[31mat performUnitOfWork (http://10.0.2.2:8081/index.bundle//&platform=android&dev=true&lazy=true&minify=false&app=com.myfirstapp&modulesOnly=false&runModule=true&excludeSource=true&sourcePaths=url-server:16104:97)[39m
                             [31m│ [39m[31mat workLoopSync (http://10.0.2.2:8081/index.bundle//&platform=android&dev=true&lazy=true&minify=false&app=com.myfirstapp&modulesOnly=false&runModule=true&excludeSource=true&sourcePaths=url-server:15999:57)[39m
                             [31m│ [39m[31mat renderRootSync (http://10.0.2.2:8081/index.bundle//&platform=android&dev=true&lazy=true&minify=false&app=com.myfirstapp&modulesOnly=false&runModule=true&excludeSource=true&sourcePaths=url-server:15984:21)[39m
                             [31m│ [39m[31mat performWorkOnRoot (http://10.0.2.2:8081/index.bundle//&platform=android&dev=true&lazy=true&minify=false&app=com.myfirstapp&modulesOnly=false&runModule=true&excludeSource=true&sourcePaths=url-server:15678:43)[39m
                             [31m│ [39m[31mat performSyncWorkOnRoot (http://10.0.2.2:8081/index.bundle//&platform=android&dev=true&lazy=true&minify=false&app=com.myfirstapp&modulesOnly=false&runModule=true&excludeSource=true&sourcePaths=url-server:11361:24)[39m
                             [31m│ [39m[31mat flushSyncWorkAcrossRoots_impl (http://10.0.2.2:8081/index.bundle//&platform=android&dev=true&lazy=true&minify=false&app=com.myfirstapp&modulesOnly=false&runModule=true&excludeSource=true&sourcePaths=url-server:11280:329)[39m
                             [31m│ [39m[31mat flushSyncWork (http://10.0.2.2:8081/index.bundle//&platform=android&dev=true&lazy=true&minify=false&app=com.myfirstapp&modulesOnly=false&runModule=true&excludeSource=true&sourcePaths=url-server:15795:113)[39m
                             [31m│ [39m[31mat scheduleRefresh (http://10.0.2.2:8081/index.bundle//&platform=android&dev=true&lazy=true&minify=false&app=com.myfirstapp&modulesOnly=false&runModule=true&excludeSource=true&sourcePaths=url-server:9339:22)[39m
                             [31m│ [39m[31mat apply (native)[39m
                             [31m│ [39m[31mat anonymous (http://10.0.2.2:8081/index.bundle//&platform=android&dev=true&lazy=true&minify=false&app=com.myfirstapp&modulesOnly=false&runModule=true&excludeSource=true&sourcePaths=url-server:39974:45)[39m
                             [31m│ [39m[31mat anonymous (http://10.0.2.2:8081/index.bundle//&platform=android&dev=true&lazy=true&minify=false&app=com.myfirstapp&modulesOnly=false&runModule=true&excludeSource=true&sourcePaths=url-server:51955:38)[39m
                             [31m│ [39m[31mat forEach (native)[39m
                             [31m│ [39m[31mat performReactRefresh (http://10.0.2.2:8081/index.bundle//&platform=android&dev=true&lazy=true&minify=false&app=com.myfirstapp&modulesOnly=false&runModule=true&excludeSource=true&sourcePaths=url-server:51947:39)[39m
                             [31m│ [39m[31mat performReactRefresh (http://10.0.2.2:8081/index.bundle//&platform=android&dev=true&lazy=true&minify=false&app=com.myfirstapp&modulesOnly=false&runModule=true&excludeSource=true&sourcePaths=url-server:51701:48)[39m
                             [31m└ [39m[31mat anonymous (http://10.0.2.2:8081/index.bundle//&platform=android&dev=true&lazy=true&minify=false&app=com.myfirstapp&modulesOnly=false&runModule=true&excludeSource=true&sourcePaths=url-server:442:40)[39m
[0m
[0m[2m[18:28:03][22m I | [1mReactNative[22m ▶︎ [GESTURE HANDLER] Tearing down gesture handler registered for root view com.facebook.react.runtime.ReactSurfaceView{fa3ed91 V.E...... ......ID 0,0-1080,2400 #1}
[0m
[0m[2m[18:28:58][22m I | [1mReactNative[22m ▶︎ [GESTURE HANDLER] Initialize gesture handler for root view com.facebook.react.runtime.ReactSurfaceView{fa3ed91 V.E...... ......ID 0,0-1080,2400 #1}
[0m
[0m[2m[18:29:00][22m I | [1mReactNativeJS[22m ▶︎ [2026-08-18T12:59:00.184Z] [INFO] [AttendanceCard] Current Attendance Info - Status: Checked In, ClockIn: 5:37 PM, ClockOut: --:--
[0m
[0m[2m[18:29:00][22m I | [1mReactNativeJS[22m ▶︎ [2026-08-18T12:59:00.831Z] [INFO] [DB] getTable: read employees table, returned 4 rows
[0m
[0m[2m[18:29:00][22m I | [1mReactNativeJS[22m ▶︎ [2026-08-18T12:59:00.932Z] [INFO] [DB] getTable: read shifts table, returned 1 rows
[0m
[0m[2m[18:29:01][22m I | [1mReactNativeJS[22m ▶︎ [2026-08-18T12:59:01.139Z] [INFO] [DB] getTable: read attendance table, returned 10 rows
[0m
[0m[2m[18:29:01][22m I | [1mReactNativeJS[22m ▶︎ [2026-08-18T12:59:01.188Z] [INFO] [DB] getTable: read patrols table, returned 2 rows
[0m
[0m[2m[18:29:01][22m I | [1mReactNativeJS[22m ▶︎ [2026-08-18T12:59:01.341Z] [INFO] [DB] getTable: read employees table, returned 4 rows
[0m
[0m[2m[18:29:01][22m I | [1mReactNativeJS[22m ▶︎ [2026-08-18T12:59:01.879Z] [INFO] [DB] getTable: read leaves table, returned 1 rows
[0m
[0m[2m[18:29:02][22m I | [1mReactNativeJS[22m ▶︎ [2026-08-18T12:59:02.020Z] [INFO] [DB] getTable: read employees table, returned 4 rows
[0m
[0m[2m[18:29:02][22m I | [1mReactNativeJS[22m ▶︎ [2026-08-18T12:59:02.055Z] [INFO] [DB] getTable: read incidents table, returned 13 rows
[0m
[0m[2m[18:29:02][22m I | [1mReactNativeJS[22m ▶︎ [2026-08-18T12:59:02.162Z] [INFO] [DB] getTable: read shifts table, returned 1 rows
[0m
[0m[2m[18:29:02][22m I | [1mReactNativeJS[22m ▶︎ [2026-08-18T12:59:02.512Z] [INFO] [DB] getTable: read messages table, returned 2 rows
[0m
[0m[2m[18:29:02][22m I | [1mReactNativeJS[22m ▶︎ [2026-08-18T12:59:02.666Z] [INFO] [DB] getTable: read attendance table, returned 10 rows
[0m
[0m[2m[18:29:02][22m I | [1mReactNativeJS[22m ▶︎ [2026-08-18T12:59:02.691Z] [INFO] [DB] getTable: read notifications table, returned 21 rows
[0m
[0m[2m[18:29:02][22m I | [1mReactNativeJS[22m ▶︎ [2026-08-18T12:59:02.709Z] [INFO] [DB] getTable: read patrols table, returned 2 rows
[0m
[0m[2m[18:29:02][22m I | [1mReactNativeJS[22m ▶︎ [2026-08-18T12:59:02.982Z] [INFO] [DB] getTable: read leaves table, returned 1 rows
[0m
[0m[2m[18:29:02][22m I | [1mReactNativeJS[22m ▶︎ [2026-08-18T12:59:02.994Z] [INFO] [GuardStore] Hydration completed successfully for G-1001
[0m
[0m[2m[18:29:03][22m I | [1mReactNativeJS[22m ▶︎ [2026-08-18T12:59:03.306Z] [INFO] [DB] getTable: read incidents table, returned 13 rows
[0m
[0m[2m[18:29:03][22m I | [1mReactNativeJS[22m ▶︎ [2026-08-18T12:59:03.325Z] [INFO] [DB] getTable: read messages table, returned 2 rows
[0m
[0m[2m[18:29:03][22m I | [1mReactNativeJS[22m ▶︎ [2026-08-18T12:59:03.456Z] [INFO] [DB] getTable: read notifications table, returned 21 rows
[0m
[0m[2m[18:29:03][22m I | [1mReactNativeJS[22m ▶︎ [2026-08-18T12:59:03.542Z] [INFO] [GuardStore] Hydration completed successfully for G-1001
[0m
[0m[2m[18:31:17][22m [31mE |[39m [1m[31mReactNativeJS[39m[22m [31m▶︎[39m [31m'React has detected a change in the order of Hooks called by %s. This will lead to bugs and errors if not fixed. For more information, read the Rules of Hooks: https://react.dev/link/rules-of-hooks\n\n   Previous render            Next render\n   ------------------------------------------------------\n%s   ^^^^^^^^^^^^^^^^^^^^^^^^^^^^^^^^^^^^^^^^^^^^^^^^^^^^^^\n', 'HolidaysScreen', '1. useContext                 useContext\n2. useState                   useState\n3. useState                   useState\n4. useState                   useState\n5. useState                   useState\n6. undefined                  useState\n'[39m
[0m
[0m[2m[18:31:17][22m [31mE |[39m [1m[31mReactNativeJS[39m[22m [31m▶︎[39m [31m[2026-08-18T13:01:17.336Z] [ERROR] [ConsoleError] React has detected a change in the order of Hooks called by %s. This will lead to bugs and errors if not fixed. For more information, read the Rules of Hooks: https://react.dev/link/rules-of-hooks[39m
                             [31m│ [39m[31m[39m
                             [31m│ [39m[31mPrevious render            Next render[39m
                             [31m│ [39m[31m------------------------------------------------------[39m
                             [31m│ [39m[31m%s   ^^^^^^^^^^^^^^^^^^^^^^^^^^^^^^^^^^^^^^^^^^^^^^^^^^^^^^[39m
                             [31m│ [39m[31mHolidaysScreen 1. useContext                 useContext[39m
                             [31m│ [39m[31m2. useState                   useState[39m
                             [31m│ [39m[31m3. useState                   useState[39m
                             [31m│ [39m[31m4. useState                   useState[39m
                             [31m│ [39m[31m5. useState                   useState[39m
                             [31m└ [39m[31m6. undefined                  useState[39m
[0m
[0m[2m[18:31:17][22m [31mE |[39m [1m[31mReactNativeJS[39m[22m [31m▶︎[39m [31m{ [Error: Rendered more hooks than during the previous render.][39m
[0m
[0m[2m[18:31:17][22m [31mE |[39m [1m[31mReactNativeJS[39m[22m [31m▶︎[39m [31mcomponentStack: '\n    at HolidaysScreen (http://10.0.2.2:8081/src/features/holidays/screens/HolidaysScreen.bundle//&platform=android&dev=true&lazy=true&minify=false&app=com.myfirstapp&modulesOnly=true&runModule=true&sourcePaths=url-server&shallow=true:96:101)\n    at StaticContainer (http://10.0.2.2:8081/index.bundle//&platform=android&dev=true&lazy=true&minify=false&app=com.myfirstapp&modulesOnly=false&runModule=true&excludeSource=true&sourcePaths=url-server:96300:17)\n    at EnsureSingleNavigator (http://10.0.2.2:8081/index.bundle//&platform=android&dev=true&lazy=true&minify=false&app=com.myfirstapp&modulesOnly=false&runModule=true&excludeSource=true&sourcePaths=url-server:91504:3)\n    at SceneView (http://10.0.2.2:8081/index.bundle//&platform=android&dev=true&lazy=true&minify=false&app=com.myfirstapp&modulesOnly=false&runModule=true&excludeSource=true&sourcePaths=url-server:96173:3)\n    at NavigationProvider (http://10.0.2.2:8081/index.bundle//&platform=android&dev=true&lazy=true&minify=false&app=com.myfirstapp&modulesOnly=false&runModule=true&excludeSource=true&sourcePaths=url-server:91665:3)\n    at RNSScreenContentWrapper (<anonymous>)\n    at ScreenContentWrapper (<anonymous>)\n    at DebugContainer (http://10.0.2.2:8081/index.bundle//&platform=android&dev=true&lazy=true&minify=false&app=com.myfirstapp&modulesOnly=false&runModule=true&excludeSource=true&sourcePaths=url-server:105604:31)\n    at RNSScreen (<anonymous>)\n    at Animated(Anonymous) (http://10.0.2.2:8081/index.bundle//&platform=android&dev=true&lazy=true&minify=false&app=com.myfirstapp&modulesOnly=false&runModule=true&excludeSource=true&sourcePaths=url-server:62570:29)\n    at Suspender (http://10.0.2.2:8081/index.bundle//&platform=android&dev=true&lazy=true&minify=false&app=com.myfirstapp&modulesOnly=false&runModule=true&excludeSource=true&sourcePaths=url-server:104669:3)\n    at Suspense (<anonymous>)\n    at Freeze (http://10.0.2.2:8081/index.bundle//&platform=android&dev=true&lazy=true&minify=false&app=com.myfirstapp&modulesOnly=false&runModule=true&excludeSource=true&sourcePaths=url-server:104680:3)\n    at DelayedFreeze (http://10.0.2.2:8081/index.bundle//&platform=android&dev=true&lazy=true&minify=false&app=com.myfirstapp&modulesOnly=false&runModule=true&excludeSource=true&sourcePaths=url-server:104633:3)\n    at InnerScreen (http://10.0.2.2:8081/index.bundle//&platform=android&dev=true&lazy=true&minify=false&app=com.myfirstapp&modulesOnly=false&runModule=true&excludeSource=true&sourcePaths=url-server:104410:41)\n    at Screen (http://10.0.2.2:8081/index.bundle//&platform=android&dev=true&lazy=true&minify=false&app=com.myfirstapp&modulesOnly=false&runModule=true&excludeSource=true&sourcePaths=url-server:104601:50)\n    at ScreenStackItem (http://10.0.2.2:8081/index.bundle//&platform=android&dev=true&lazy=true&minify=false&app=com.myfirstapp&modulesOnly=false&runModule=true&excludeSource=true&sourcePaths=url-server:105390:3)\n    at NavigationProvider (http://10.0.2.2:8081/index.bundle//&platform=android&dev=true&lazy=true&minify=false&app=com.myfirstapp&modulesOnly=false&runModule=true&excludeSource=true&sourcePaths=url-server:91665:3)\n    at SceneView (http://10.0.2.2:8081/index.bundle//&platform=android&dev=true&lazy=true&minify=false&app=com.myfirstapp&modulesOnly=false&runModule=true&excludeSource=true&sourcePaths=url-server:106545:19)\n    at RNSScreenStack (<anonymous>)\n    at anonymous (http://10.0.2.2:8081/index.bundle//&platform=android&dev=true&lazy=true&minify=false&app=com.myfirstapp&modulesOnly=false&runModule=true&excludeSource=true&sourcePaths=url-server:105369:20)\n    at ScreenStack (http://10.0.2.2:8081/index.bundle//&platform=android&dev=true&lazy=true&minify=false&app=com.myfirstapp&modulesOnly=false&runModule=true&excludeSource=true&sourcePaths=url-server:105269:30)\n    at RCTView (<anonymous>)\n    at View_withRef (address at http://10.0.2.2:8081/index.bundle?platform=android&dev=true&lazy=true&minify=false&app=com.myfirstapp&modulesOnly=fa[39m
                             [31m│ [39m[31misComponentError: true }[39m
                             [31m│ [39m[31m[2026-08-18T13:01:17.474Z] [ERROR] [ConsoleError] Error: Rendered more hooks than during the previous render.[39m
                             [31m│ [39m[31mError: Rendered more hooks than during the previous render.[39m
                             [31m│ [39m[31mat updateWorkInProgressHook (http://10.0.2.2:8081/index.bundle//&platform=android&dev=true&lazy=true&minify=false&app=com.myfirstapp&modulesOnly=false&runModule=true&excludeSource=true&sourcePaths=url-server:12409:22)[39m
                             [31m│ [39m[31mat updateReducer (http://10.0.2.2:8081/index.bundle//&platform=android&dev=true&lazy=true&minify=false&app=com.myfirstapp&modulesOnly=false&runModule=true&excludeSource=true&sourcePaths=url-server:12500:42)[39m
                             [31m│ [39m[31mat useState (http://10.0.2.2:8081/index.bundle//&platform=android&dev=true&lazy=true&minify=false&app=com.myfirstapp&modulesOnly=false&runModule=true&excludeSource=true&sourcePaths=url-server:18193:31)[39m
                             [31m│ [39m[31mat anonymous (http://10.0.2.2:8081/index.bundle//&platform=android&dev=true&lazy=true&minify=false&app=com.myfirstapp&modulesOnly=false&runModule=true&excludeSource=true&sourcePaths=url-server:7334:42)[39m
                             [31m│ [39m[31mat HolidaysScreen (http://10.0.2.2:8081/src/features/holidays/screens/HolidaysScreen.bundle//&platform=android&dev=true&lazy=true&minify=false&app=com.myfirstapp&modulesOnly=true&runModule=true&sourcePaths=url-server&shallow=true:116:42)[39m
                             [31m│ [39m[31mat react_stack_bottom_frame (http://10.0.2.2:8081/index.bundle//&platform=android&dev=true&lazy=true&minify=false&app=com.myfirstapp&modulesOnly=false&runModule=true&excludeSource=true&sourcePaths=url-server:17664:29)[39m
                             [31m│ [39m[31mat renderWithHooks (http://10.0.2.2:8081/index.bundle//&platform=android&dev=true&lazy=true&minify=false&app=com.myfirstapp&modulesOnly=false&runModule=true&excludeSource=true&sourcePaths=url-server:12300:40)[39m
                             [31m│ [39m[31mat updateFunctionComponent (http://10.0.2.2:8081/index.bundle//&platform=android&dev=true&lazy=true&minify=false&app=com.myfirstapp&modulesOnly=false&runModule=true&excludeSource=true&sourcePaths=url-server:13586:34)[39m
                             [31m│ [39m[31mat beginWork (http://10.0.2.2:8081/index.bundle//&platform=android&dev=true&lazy=true&minify=false&app=com.myfirstapp&modulesOnly=false&runModule=true&excludeSource=true&sourcePaths=url-server:14044:41)[39m
                             [31m│ [39m[31mat run (native)[39m
                             [31m│ [39m[31mat runWithFiberInDEV (http://10.0.2.2:8081/index.bundle//&platform=android&dev=true&lazy=true&minify=false&app=com.myfirstapp&modulesOnly=false&runModule=true&excludeSource=true&sourcePaths=url-server:9756:73)[39m
                             [31m│ [39m[31mat performUnitOfWork (http://10.0.2.2:8081/index.bundle//&platform=android&dev=true&lazy=true&minify=false&app=com.myfirstapp&modulesOnly=false&runModule=true&excludeSource=true&sourcePaths=url-server:16104:97)[39m
                             [31m│ [39m[31mat workLoopSync (http://10.0.2.2:8081/index.bundle//&platform=android&dev=true&lazy=true&minify=false&app=com.myfirstapp&modulesOnly=false&runModule=true&excludeSource=true&sourcePaths=url-server:15999:57)[39m
                             [31m│ [39m[31mat renderRootSync (http://10.0.2.2:8081/index.bundle//&platform=android&dev=true&lazy=true&minify=false&app=com.myfirstapp&modulesOnly=false&runModule=true&excludeSource=true&sourcePaths=url-server:15984:21)[39m
                             [31m│ [39m[31mat performWorkOnRoot (http://10.0.2.2:8081/index.bundle//&platform=android&dev=true&lazy=true&minify=false&app=com.myfirstapp&modulesOnly=false&runModule=true&excludeSource=true&sourcePaths=url-server:15678:43)[39m
                             [31m│ [39m[31mat performSyncWorkOnRoot (http://10.0.2.2:8081/index.bundle//&platform=android&dev=true&lazy=true&minify=false&app=com.myfirstapp&modulesOnly=false&runModule=true&excludeSource=true&sourcePaths=url-server:11361:24)[39m
                             [31m│ [39m[31mat flushSyncWorkAcrossRoots_impl (http://10.0.2.2:8081/index.bundle//&platform=android&dev=true&lazy=true&minify=false&app=com.myfirstapp&modulesOnly=false&runModule=true&excludeSource=true&sourcePaths=url-server:11280:329)[39m
                             [31m│ [39m[31mat flushSyncWork (http://10.0.2.2:8081/index.bundle//&platform=android&dev=true&lazy=true&minify=false&app=com.myfirstapp&modulesOnly=false&runModule=true&excludeSource=true&sourcePaths=url-server:15795:113)[39m
                             [31m│ [39m[31mat scheduleRefresh (http://10.0.2.2:8081/index.bundle//&platform=android&dev=true&lazy=true&minify=false&app=com.myfirstapp&modulesOnly=false&runModule=true&excludeSource=true&sourcePaths=url-server:9339:22)[39m
                             [31m│ [39m[31mat apply (native)[39m
                             [31m│ [39m[31mat anonymous (http://10.0.2.2:8081/index.bundle//&platform=android&dev=true&lazy=true&minify=false&app=com.myfirstapp&modulesOnly=false&runModule=true&excludeSource=true&sourcePaths=url-server:39974:45)[39m
                             [31m│ [39m[31mat anonymous (http://10.0.2.2:8081/index.bundle//&platform=android&dev=true&lazy=true&minify=false&app=com.myfirstapp&modulesOnly=false&runModule=true&excludeSource=true&sourcePaths=url-server:51955:38)[39m
                             [31m│ [39m[31mat forEach (native)[39m
                             [31m│ [39m[31mat performReactRefresh (http://10.0.2.2:8081/index.bundle//&platform=android&dev=true&lazy=true&minify=false&app=com.myfirstapp&modulesOnly=false&runModule=true&excludeSource=true&sourcePaths=url-server:51947:39)[39m
                             [31m│ [39m[31mat performReactRefresh (http://10.0.2.2:8081/index.bundle//&platform=android&dev=true&lazy=true&minify=false&app=com.myfirstapp&modulesOnly=false&runModule=true&excludeSource=true&sourcePaths=url-server:51701:48)[39m
                             [31m└ [39m[31mat anonymous (http://10.0.2.2:8081/index.bundle//&platform=android&dev=true&lazy=true&minify=false&app=com.myfirstapp&modulesOnly=false&runModule=true&excludeSource=true&sourcePaths=url-server:442:40)[39m
[0m
[0m[2m[18:31:17][22m I | [1mReactNative[22m ▶︎ [GESTURE HANDLER] Tearing down gesture handler registered for root view com.facebook.react.runtime.ReactSurfaceView{fa3ed91 V.E...... ......ID 0,0-1080,2400 #1}
[0m
[0m[2m[18:32:14][22m I | [1mReactNative[22m ▶︎ [GESTURE HANDLER] Initialize gesture handler for root view com.facebook.react.runtime.ReactSurfaceView{fa3ed91 V.E...... ......ID 0,0-1080,2400 #1}
[0m
[0m[2m[18:32:16][22m I | [1mReactNativeJS[22m ▶︎ [2026-08-18T13:02:16.588Z] [INFO] [AttendanceCard] Current Attendance Info - Status: Checked In, ClockIn: 5:37 PM, ClockOut: --:--
[0m
[0m[2m[18:32:17][22m I | [1mReactNativeJS[22m ▶︎ [2026-08-18T13:02:17.823Z] [INFO] [DB] getTable: read employees table, returned 4 rows
[0m
[0m[2m[18:32:17][22m I | [1mReactNativeJS[22m ▶︎ [2026-08-18T13:02:17.899Z] [INFO] [DB] getTable: read shifts table, returned 1 rows
[0m
[0m[2m[18:32:18][22m I | [1mReactNativeJS[22m ▶︎ [2026-08-18T13:02:18.312Z] [INFO] [DB] getTable: read attendance table, returned 10 rows
[0m
[0m[2m[18:32:18][22m I | [1mReactNativeJS[22m ▶︎ [2026-08-18T13:02:18.347Z] [INFO] [DB] getTable: read patrols table, returned 2 rows
[0m
[0m[2m[18:32:18][22m I | [1mReactNativeJS[22m ▶︎ [2026-08-18T13:02:18.368Z] [INFO] [DB] getTable: read employees table, returned 4 rows
[0m
[0m[2m[18:32:18][22m I | [1mReactNativeJS[22m ▶︎ [2026-08-18T13:02:18.965Z] [INFO] [DB] getTable: read leaves table, returned 1 rows
[0m
[0m[2m[18:32:19][22m I | [1mReactNativeJS[22m ▶︎ [2026-08-18T13:02:19.015Z] [INFO] [DB] getTable: read employees table, returned 4 rows
[0m
[0m[2m[18:32:19][22m I | [1mReactNativeJS[22m ▶︎ [2026-08-18T13:02:19.026Z] [INFO] [DB] getTable: read incidents table, returned 13 rows
[0m
[0m[2m[18:32:19][22m I | [1mReactNativeJS[22m ▶︎ [2026-08-18T13:02:19.216Z] [INFO] [DB] getTable: read shifts table, returned 1 rows
[0m
[0m[2m[18:32:19][22m I | [1mReactNativeJS[22m ▶︎ [2026-08-18T13:02:19.261Z] [INFO] [DB] getTable: read messages table, returned 2 rows
[0m
[0m[2m[18:32:19][22m I | [1mReactNativeJS[22m ▶︎ [2026-08-18T13:02:19.310Z] [INFO] [DB] getTable: read attendance table, returned 10 rows
                             [2m└ [22m[2026-08-18T13:02:19.351Z] [INFO] [DB] getTable: read notifications table, returned 21 rows
[0m
[0m[2m[18:32:19][22m I | [1mReactNativeJS[22m ▶︎ [2026-08-18T13:02:19.397Z] [INFO] [DB] getTable: read patrols table, returned 2 rows
[0m
[0m[2m[18:32:19][22m I | [1mReactNativeJS[22m ▶︎ [2026-08-18T13:02:19.543Z] [INFO] [DB] getTable: read leaves table, returned 1 rows
[0m
[0m[2m[18:32:19][22m I | [1mReactNativeJS[22m ▶︎ [2026-08-18T13:02:19.601Z] [INFO] [GuardStore] Hydration completed successfully for G-1001
[0m
[0m[2m[18:32:20][22m I | [1mReactNativeJS[22m ▶︎ [2026-08-18T13:02:20.247Z] [INFO] [DB] getTable: read incidents table, returned 13 rows
[0m
[0m[2m[18:32:20][22m I | [1mReactNativeJS[22m ▶︎ [2026-08-18T13:02:20.312Z] [INFO] [DB] getTable: read messages table, returned 2 rows
[0m
[0m[2m[18:32:20][22m I | [1mReactNativeJS[22m ▶︎ [2026-08-18T13:02:20.434Z] [INFO] [DB] getTable: read notifications table, returned 21 rows
[0m
[0m[2m[18:32:20][22m I | [1mReactNativeJS[22m ▶︎ [2026-08-18T13:02:20.591Z] [INFO] [GuardStore] Hydration completed successfully for G-1001
[0m
[0m[2m[18:40:20][22m [31mE |[39m [1m[31mReactNativeJS[39m[22m [31m▶︎[39m [31m[2026-08-18T13:10:20.206Z] [ERROR] [GlobalError] FATAL: ReferenceError: Property 'navigation' doesn't exist[39m
                             [31m│ [39m[31mReferenceError: Property 'navigation' doesn't exist[39m
                             [31m│ [39m[31mat onPress (http://10.0.2.2:8081/src/features/holidays/screens/HolidaysScreen.bundle//&platform=android&dev=true&lazy=true&minify=false&app=com.myfirstapp&modulesOnly=true&runModule=true&sourcePaths=url-server&shallow=true:329:34)[39m
                             [31m│ [39m[31mat _performTransitionSideEffects (http://10.0.2.2:8081/index.bundle//&platform=android&dev=true&lazy=true&minify=false&app=com.myfirstapp&modulesOnly=false&runModule=true&excludeSource=true&sourcePaths=url-server:55321:22)[39m
                             [31m│ [39m[31mat _receiveSignal (http://10.0.2.2:8081/index.bundle//&platform=android&dev=true&lazy=true&minify=false&app=com.myfirstapp&modulesOnly=false&runModule=true&excludeSource=true&sourcePaths=url-server:55277:45)[39m
                             [31m│ [39m[31mat onResponderRelease (http://10.0.2.2:8081/index.bundle//&platform=android&dev=true&lazy=true&minify=false&app=com.myfirstapp&modulesOnly=false&runModule=true&excludeSource=true&sourcePaths=url-server:55136:32)[39m
                             [31m│ [39m[31mat executeDispatch (http://10.0.2.2:8081/index.bundle//&platform=android&dev=true&lazy=true&minify=false&app=com.myfirstapp&modulesOnly=false&runModule=true&excludeSource=true&sourcePaths=url-server:9778:17)[39m
                             [31m│ [39m[31mat run (native)[39m
                             [31m│ [39m[31mat runWithFiberInDEV (http://10.0.2.2:8081/index.bundle//&platform=android&dev=true&lazy=true&minify=false&app=com.myfirstapp&modulesOnly=false&runModule=true&excludeSource=true&sourcePaths=url-server:9756:73)[39m
                             [31m│ [39m[31mat executeDispatchesAndReleaseTopLevel (http://10.0.2.2:8081/index.bundle//&platform=android&dev=true&lazy=true&minify=false&app=com.myfirstapp&modulesOnly=false&runModule=true&excludeSource=true&sourcePaths=url-server:10049:84)[39m
                             [31m│ [39m[31mat forEach (native)[39m
                             [31m│ [39m[31mat forEachAccumulated (http://10.0.2.2:8081/index.bundle//&platform=android&dev=true&lazy=true&minify=false&app=com.myfirstapp&modulesOnly=false&runModule=true&excludeSource=true&sourcePaths=url-server:9921:39)[39m
                             [31m│ [39m[31mat anonymous (http://10.0.2.2:8081/index.bundle//&platform=android&dev=true&lazy=true&minify=false&app=com.myfirstapp&modulesOnly=false&runModule=true&excludeSource=true&sourcePaths=url-server:10078:29)[39m
                             [31m│ [39m[31mat batchedUpdatesImpl (http://10.0.2.2:8081/index.bundle//&platform=android&dev=true&lazy=true&minify=false&app=com.myfirstapp&modulesOnly=false&runModule=true&excludeSource=true&sourcePaths=url-server:19230:18)[39m
                             [31m│ [39m[31mat batchedUpdates$1 (http://10.0.2.2:8081/index.bundle//&platform=android&dev=true&lazy=true&minify=false&app=com.myfirstapp&modulesOnly=false&runModule=true&excludeSource=true&sourcePaths=url-server:10035:34)[39m
                             [31m└ [39m[31mat dispatchEvent (http://10.0.2.2:8081/index.bundle//&platform=android&dev=true&lazy=true&minify=false&app=com.myfirstapp&modulesOnly=false&runModule=true&excludeSource=true&sourcePaths=url-server:10061:23)[39m
[0m
[0m[2m[18:40:20][22m [31mE |[39m [1m[31mReactNativeJS[39m[22m [31m▶︎[39m [31m[ReferenceError: Property 'navigation' doesn't exist][39m
                             [31m│ [39m[31m[2026-08-18T13:10:20.239Z] [ERROR] [ConsoleError] ReferenceError: Property 'navigation' doesn't exist[39m
                             [31m│ [39m[31mReferenceError: Property 'navigation' doesn't exist[39m
                             [31m│ [39m[31mat onPress (http://10.0.2.2:8081/src/features/holidays/screens/HolidaysScreen.bundle//&platform=android&dev=true&lazy=true&minify=false&app=com.myfirstapp&modulesOnly=true&runModule=true&sourcePaths=url-server&shallow=true:329:34)[39m
                             [31m│ [39m[31mat _performTransitionSideEffects (http://10.0.2.2:8081/index.bundle//&platform=android&dev=true&lazy=true&minify=false&app=com.myfirstapp&modulesOnly=false&runModule=true&excludeSource=true&sourcePaths=url-server:55321:22)[39m
                             [31m│ [39m[31mat _receiveSignal (http://10.0.2.2:8081/index.bundle//&platform=android&dev=true&lazy=true&minify=false&app=com.myfirstapp&modulesOnly=false&runModule=true&excludeSource=true&sourcePaths=url-server:55277:45)[39m
                             [31m│ [39m[31mat onResponderRelease (http://10.0.2.2:8081/index.bundle//&platform=android&dev=true&lazy=true&minify=false&app=com.myfirstapp&modulesOnly=false&runModule=true&excludeSource=true&sourcePaths=url-server:55136:32)[39m
                             [31m│ [39m[31mat executeDispatch (http://10.0.2.2:8081/index.bundle//&platform=android&dev=true&lazy=true&minify=false&app=com.myfirstapp&modulesOnly=false&runModule=true&excludeSource=true&sourcePaths=url-server:9778:17)[39m
                             [31m│ [39m[31mat run (native)[39m
                             [31m│ [39m[31mat runWithFiberInDEV (http://10.0.2.2:8081/index.bundle//&platform=android&dev=true&lazy=true&minify=false&app=com.myfirstapp&modulesOnly=false&runModule=true&excludeSource=true&sourcePaths=url-server:9756:73)[39m
                             [31m│ [39m[31mat executeDispatchesAndReleaseTopLevel (http://10.0.2.2:8081/index.bundle//&platform=android&dev=true&lazy=true&minify=false&app=com.myfirstapp&modulesOnly=false&runModule=true&excludeSource=true&sourcePaths=url-server:10049:84)[39m
                             [31m│ [39m[31mat forEach (native)[39m
                             [31m│ [39m[31mat forEachAccumulated (http://10.0.2.2:8081/index.bundle//&platform=android&dev=true&lazy=true&minify=false&app=com.myfirstapp&modulesOnly=false&runModule=true&excludeSource=true&sourcePaths=url-server:9921:39)[39m
                             [31m│ [39m[31mat anonymous (http://10.0.2.2:8081/index.bundle//&platform=android&dev=true&lazy=true&minify=false&app=com.myfirstapp&modulesOnly=false&runModule=true&excludeSource=true&sourcePaths=url-server:10078:29)[39m
                             [31m│ [39m[31mat batchedUpdatesImpl (http://10.0.2.2:8081/index.bundle//&platform=android&dev=true&lazy=true&minify=false&app=com.myfirstapp&modulesOnly=false&runModule=true&excludeSource=true&sourcePaths=url-server:19230:18)[39m
                             [31m│ [39m[31mat batchedUpdates$1 (http://10.0.2.2:8081/index.bundle//&platform=android&dev=true&lazy=true&minify=false&app=com.myfirstapp&modulesOnly=false&runModule=true&excludeSource=true&sourcePaths=url-server:10035:34)[39m
                             [31m└ [39m[31mat dispatchEvent (http://10.0.2.2:8081/index.bundle//&platform=android&dev=true&lazy=true&minify=false&app=com.myfirstapp&modulesOnly=false&runModule=true&excludeSource=true&sourcePaths=url-server:10061:23)[39m
[0m
[0m[2m[18:52:01][22m [31mE |[39m [1m[31mReactNativeJS[39m[22m [31m▶︎[39m [31m{ [Error: TransformError SyntaxError: D:\Priority1\Priority1MobileApp\src\features\payroll\screens\PayslipDetailsScreen.tsx: Unexpected token, expected "," (220:11)[39m
                             [31m│ [39m[31m[39m
                             [31m│ [39m[31m[0m [90m 218 |[31m   tableRow[33m:[31m {[39m
                             [31m│ [39m[31m[90m 219 |[31m     flexDirection[33m:[31m [32m'row'[31m[33m,[31m[39m
                             [31m│ [39m[31m[31m[1m>[22m[31m[90m 220 |[31m     justify[33m.[31mcontent[33m:[31m [32m'space-between'[31m[33m,[31m[39m
                             [31m│ [39m[31m[90m     |[31m            [31m[1m^[22m[31m[39m
                             [31m│ [39m[31m[90m 221 |[31m     alignItems[33m:[31m [32m'center'[31m[33m,[31m[39m
                             [31m│ [39m[31m[90m 222 |[31m     paddingVertical[33m:[31m [35m8[31m[33m,[31m[39m
                             [31m└ [39m[31m[90m 223 |[31m     borderBottomWidth[33m:[31m [35m1[31m[33m,[31m[0m] preventSymbolication: true }[39m
[0m
[0m[2m[18:52:01][22m [31mE |[39m [1m[31mReactNativeJS[39m[22m [31m▶︎[39m [31m[2026-08-18T13:22:01.202Z] [ERROR] [ConsoleError] Error: TransformError SyntaxError: D:\Priority1\Priority1MobileApp\src\features\payroll\screens\PayslipDetailsScreen.tsx: Unexpected token, expected "," (220:11)[39m
                             [31m│ [39m[31m[39m
                             [31m│ [39m[31m[0m [90m 218 |[31m   tableRow[33m:[31m {[39m
                             [31m│ [39m[31m[90m 219 |[31m     flexDirection[33m:[31m [32m'row'[31m[33m,[31m[39m
                             [31m│ [39m[31m[31m[1m>[22m[31m[90m 220 |[31m     justify[33m.[31mcontent[33m:[31m [32m'space-between'[31m[33m,[31m[39m
                             [31m│ [39m[31m[90m     |[31m            [31m[1m^[22m[31m[39m
                             [31m│ [39m[31m[90m 221 |[31m     alignItems[33m:[31m [32m'center'[31m[33m,[31m[39m
                             [31m│ [39m[31m[90m 222 |[31m     paddingVertical[33m:[31m [35m8[31m[33m,[31m[39m
                             [31m│ [39m[31m[90m 223 |[31m     borderBottomWidth[33m:[31m [35m1[31m[33m,[31m[0m[39m
                             [31m│ [39m[31mError: TransformError SyntaxError: D:\Priority1\Priority1MobileApp\src\features\payroll\screens\PayslipDetailsScreen.tsx: Unexpected token, expected "," (220:11)[39m
                             [31m│ [39m[31m[39m
                             [31m│ [39m[31m[0m [90m 218 |[31m   tableRow[33m:[31m {[39m
                             [31m│ [39m[31m[90m 219 |[31m     flexDirection[33m:[31m [32m'row'[31m[33m,[31m[39m
                             [31m│ [39m[31m[31m[1m>[22m[31m[90m 220 |[31m     justify[33m.[31mcontent[33m:[31m [32m'space-between'[31m[33m,[31m[39m
                             [31m│ [39m[31m[90m     |[31m            [31m[1m^[22m[31m[39m
                             [31m│ [39m[31m[90m 221 |[31m     alignItems[33m:[31m [32m'center'[31m[33m,[31m[39m
                             [31m│ [39m[31m[90m 222 |[31m     paddingVertical[33m:[31m [35m8[31m[33m,[31m[39m
                             [31m│ [39m[31m[90m 223 |[31m     borderBottomWidth[33m:[31m [35m1[31m[33m,[31m[0m[39m
                             [31m│ [39m[31mat showCompileError (http://10.0.2.2:8081/index.bundle//&platform=android&dev=true&lazy=true&minify=false&app=com.myfirstapp&modulesOnly=false&runModule=true&excludeSource=true&sourcePaths=url-server:50897:26)[39m
                             [31m│ [39m[31mat anonymous (http://10.0.2.2:8081/index.bundle//&platform=android&dev=true&lazy=true&minify=false&app=com.myfirstapp&modulesOnly=false&runModule=true&excludeSource=true&sourcePaths=url-server:50823:29)[39m
                             [31m│ [39m[31mat call (native)[39m
                             [31m│ [39m[31mat emit (http://10.0.2.2:8081/index.bundle//&platform=android&dev=true&lazy=true&minify=false&app=com.myfirstapp&modulesOnly=false&runModule=true&excludeSource=true&sourcePaths=url-server:51410:35)[39m
                             [31m│ [39m[31mat anonymous (http://10.0.2.2:8081/index.bundle//&platform=android&dev=true&lazy=true&minify=false&app=com.myfirstapp&modulesOnly=false&runModule=true&excludeSource=true&sourcePaths=url-server:51190:23)[39m
                             [31m│ [39m[31mat invoke (http://10.0.2.2:8081/index.bundle//&platform=android&dev=true&lazy=true&minify=false&app=com.myfirstapp&modulesOnly=false&runModule=true&excludeSource=true&sourcePaths=url-server:20415:31)[39m
                             [31m│ [39m[31mat dispatch (http://10.0.2.2:8081/index.bundle//&platform=android&dev=true&lazy=true&minify=false&app=com.myfirstapp&modulesOnly=false&runModule=true&excludeSource=true&sourcePaths=url-server:20347:13)[39m
                             [31m│ [39m[31mat dispatchEvent (http://10.0.2.2:8081/index.bundle//&platform=android&dev=true&lazy=true&minify=false&app=com.myfirstapp&modulesOnly=false&runModule=true&excludeSource=true&sourcePaths=url-server:20297:17)[39m
                             [31m│ [39m[31mat anonymous (http://10.0.2.2:8081/index.bundle//&platform=android&dev=true&lazy=true&minify=false&app=com.myfirstapp&modulesOnly=false&runModule=true&excludeSource=true&sourcePaths=url-server:46641:29)[39m
                             [31m│ [39m[31mat apply (native)[39m
                             [31m│ [39m[31mat emit (http://10.0.2.2:8081/index.bundle//&platform=android&dev=true&lazy=true&minify=false&app=com.myfirstapp&modulesOnly=false&runModule=true&excludeSource=true&sourcePaths=url-server:5827:40)[39m
                             [31m│ [39m[31mat apply (native)[39m
                             [31m│ [39m[31mat anonymous (http://10.0.2.2:8081/index.bundle//&platform=android&dev=true&lazy=true&minify=false&app=com.myfirstapp&modulesOnly=false&runModule=true&excludeSource=true&sourcePaths=url-server:5693:200)[39m
                             [31m└ [39m[31mat emit (http://10.0.2.2:8081/index.bundle//&platform=android&dev=true&lazy=true&minify=false&app=com.myfirstapp&modulesOnly=false&runModule=true&excludeSource=true&sourcePaths=url-server:5705:68)[39m
[0m
[0m[2m[18:52:13][22m [31mE |[39m [1m[31mReactNativeJS[39m[22m [31m▶︎[39m [31m{ [Error: TransformError SyntaxError: D:\Priority1\Priority1MobileApp\src\features\payroll\screens\PayslipDetailsScreen.tsx: Unexpected token, expected "," (228:11)[39m
                             [31m│ [39m[31m[39m
                             [31m│ [39m[31m[0m [90m 226 |[31m   netDisbursedRow[33m:[31m {[39m
                             [31m│ [39m[31m[90m 227 |[31m     flexDirection[33m:[31m [32m'row'[31m[33m,[31m[39m
                             [31m│ [39m[31m[31m[1m>[22m[31m[90m 228 |[31m     justify[33m.[31mcontent[33m:[31m [32m'space-between'[31m[33m,[31m[39m
                             [31m│ [39m[31m[90m     |[31m            [31m[1m^[22m[31m[39m
                             [31m│ [39m[31m[90m 229 |[31m     alignItems[33m:[31m [32m'center'[31m[33m,[31m[39m
                             [31m│ [39m[31m[90m 230 |[31m   }[33m,[31m[39m
                             [31m└ [39m[31m[90m 231 |[31m })[33m;[31m[0m] preventSymbolication: true }[39m
[0m
[0m[2m[18:52:13][22m [31mE |[39m [1m[31mReactNativeJS[39m[22m [31m▶︎[39m [31m[2026-08-18T13:22:13.874Z] [ERROR] [ConsoleError] Error: TransformError SyntaxError: D:\Priority1\Priority1MobileApp\src\features\payroll\screens\PayslipDetailsScreen.tsx: Unexpected token, expected "," (228:11)[39m
                             [31m│ [39m[31m[39m
                             [31m│ [39m[31m[0m [90m 226 |[31m   netDisbursedRow[33m:[31m {[39m
                             [31m│ [39m[31m[90m 227 |[31m     flexDirection[33m:[31m [32m'row'[31m[33m,[31m[39m
                             [31m│ [39m[31m[31m[1m>[22m[31m[90m 228 |[31m     justify[33m.[31mcontent[33m:[31m [32m'space-between'[31m[33m,[31m[39m
                             [31m│ [39m[31m[90m     |[31m            [31m[1m^[22m[31m[39m
                             [31m│ [39m[31m[90m 229 |[31m     alignItems[33m:[31m [32m'center'[31m[33m,[31m[39m
                             [31m│ [39m[31m[90m 230 |[31m   }[33m,[31m[39m
                             [31m│ [39m[31m[90m 231 |[31m })[33m;[31m[0m[39m
                             [31m│ [39m[31mError: TransformError SyntaxError: D:\Priority1\Priority1MobileApp\src\features\payroll\screens\PayslipDetailsScreen.tsx: Unexpected token, expected "," (228:11)[39m
                             [31m│ [39m[31m[39m
                             [31m│ [39m[31m[0m [90m 226 |[31m   netDisbursedRow[33m:[31m {[39m
                             [31m│ [39m[31m[90m 227 |[31m     flexDirection[33m:[31m [32m'row'[31m[33m,[31m[39m
                             [31m│ [39m[31m[31m[1m>[22m[31m[90m 228 |[31m     justify[33m.[31mcontent[33m:[31m [32m'space-between'[31m[33m,[31m[39m
                             [31m│ [39m[31m[90m     |[31m            [31m[1m^[22m[31m[39m
                             [31m│ [39m[31m[90m 229 |[31m     alignItems[33m:[31m [32m'center'[31m[33m,[31m[39m
                             [31m│ [39m[31m[90m 230 |[31m   }[33m,[31m[39m
                             [31m│ [39m[31m[90m 231 |[31m })[33m;[31m[0m[39m
                             [31m│ [39m[31mat showCompileError (http://10.0.2.2:8081/index.bundle//&platform=android&dev=true&lazy=true&minify=false&app=com.myfirstapp&modulesOnly=false&runModule=true&excludeSource=true&sourcePaths=url-server:50897:26)[39m
                             [31m│ [39m[31mat anonymous (http://10.0.2.2:8081/index.bundle//&platform=android&dev=true&lazy=true&minify=false&app=com.myfirstapp&modulesOnly=false&runModule=true&excludeSource=true&sourcePaths=url-server:50823:29)[39m
                             [31m│ [39m[31mat call (native)[39m
                             [31m│ [39m[31mat emit (http://10.0.2.2:8081/index.bundle//&platform=android&dev=true&lazy=true&minify=false&app=com.myfirstapp&modulesOnly=false&runModule=true&excludeSource=true&sourcePaths=url-server:51410:35)[39m
                             [31m│ [39m[31mat anonymous (http://10.0.2.2:8081/index.bundle//&platform=android&dev=true&lazy=true&minify=false&app=com.myfirstapp&modulesOnly=false&runModule=true&excludeSource=true&sourcePaths=url-server:51190:23)[39m
                             [31m│ [39m[31mat invoke (http://10.0.2.2:8081/index.bundle//&platform=android&dev=true&lazy=true&minify=false&app=com.myfirstapp&modulesOnly=false&runModule=true&excludeSource=true&sourcePaths=url-server:20415:31)[39m
                             [31m│ [39m[31mat dispatch (http://10.0.2.2:8081/index.bundle//&platform=android&dev=true&lazy=true&minify=false&app=com.myfirstapp&modulesOnly=false&runModule=true&excludeSource=true&sourcePaths=url-server:20347:13)[39m
                             [31m│ [39m[31mat dispatchEvent (http://10.0.2.2:8081/index.bundle//&platform=android&dev=true&lazy=true&minify=false&app=com.myfirstapp&modulesOnly=false&runModule=true&excludeSource=true&sourcePaths=url-server:20297:17)[39m
                             [31m│ [39m[31mat anonymous (http://10.0.2.2:8081/index.bundle//&platform=android&dev=true&lazy=true&minify=false&app=com.myfirstapp&modulesOnly=false&runModule=true&excludeSource=true&sourcePaths=url-server:46641:29)[39m
                             [31m│ [39m[31mat apply (native)[39m
                             [31m│ [39m[31mat emit (http://10.0.2.2:8081/index.bundle//&platform=android&dev=true&lazy=true&minify=false&app=com.myfirstapp&modulesOnly=false&runModule=true&excludeSource=true&sourcePaths=url-server:5827:40)[39m
                             [31m│ [39m[31mat apply (native)[39m
                             [31m│ [39m[31mat anonymous (http://10.0.2.2:8081/index.bundle//&platform=android&dev=true&lazy=true&minify=false&app=com.myfirstapp&modulesOnly=false&runModule=true&excludeSource=true&sourcePaths=url-server:5693:200)[39m
                             [31m└ [39m[31mat emit (http://10.0.2.2:8081/index.bundle//&platform=android&dev=true&lazy=true&minify=false&app=com.myfirstapp&modulesOnly=false&runModule=true&excludeSource=true&sourcePaths=url-server:5705:68)[39m
[0m
[0m[2m[19:01:01][22m I | [1mReactNativeJS[22m ▶︎ [2026-08-18T13:31:01.849Z] [INFO] [DB] getTable: read employees table, returned 4 rows
[0m
[0m[2m[19:01:02][22m I | [1mReactNativeJS[22m ▶︎ [2026-08-18T13:31:02.005Z] [INFO] [DB] getTable: read patrols table, returned 2 rows
[0m
[0m[2m[19:01:02][22m I | [1mReactNativeJS[22m ▶︎ [2026-08-18T13:31:02.312Z] [INFO] [DB] getTable: read messages table, returned 2 rows
[0m
[0m[2m[19:01:02][22m I | [1mReactNativeJS[22m ▶︎ [2026-08-18T13:31:02.398Z] [INFO] [DB] getTable: read notifications table, returned 21 rows
[0m
[0m[2m[19:01:02][22m I | [1mReactNativeJS[22m ▶︎ [2026-08-18T13:31:02.657Z] [INFO] [GuardStore] Hydration completed successfully for G-1001
[0m
[0m[2m[19:01:05][22m I | [1mReactNativeJS[22m ▶︎ [2026-08-18T13:31:05.617Z] [INFO] [AttendanceCard] Current Attendance Info - Status: Checked In, ClockIn: 5:37 PM, ClockOut: --:--
[0m
[0m[2m[19:08:57][22m I | [1mReactNativeJS[22m ▶︎ [2026-08-18T13:38:57.195Z] [INFO] [DB] getTable: read assets table, returned 5 rows
[0m
[0m[2m[19:10:22][22m I | [1mReactNativeJS[22m ▶︎ [2026-08-18T13:40:22.336Z] [INFO] [DB] getTable: read assets table, returned 5 rows
[0m
[0m[2m[19:10:25][22m I | [1mReactNativeJS[22m ▶︎ [2026-08-18T13:40:25.392Z] [INFO] [DB] getTable: read assets table, returned 5 rows
[0m
[0m[2m[19:11:13][22m I | [1mReactNativeJS[22m ▶︎ [2026-08-18T13:41:13.705Z] [INFO] [DB] getTable: read assets table, returned 5 rows
[0m
[0m[2m[19:11:19][22m I | [1mReactNativeJS[22m ▶︎ [2026-08-18T13:41:19.147Z] [INFO] [DB] getTable: read assets table, returned 5 rows
[0m
[0m[2m[19:12:18][22m I | [1mReactNativeJS[22m ▶︎ [2026-08-18T13:42:18.860Z] [INFO] [DB] getTable: read employees table, returned 4 rows
[0m
[0m[2m[19:12:19][22m I | [1mReactNativeJS[22m ▶︎ [2026-08-18T13:42:18.976Z] [INFO] [DB] getTable: read employees table, returned 4 rows
[0m
[0m[2m[19:12:19][22m I | [1mReactNativeJS[22m ▶︎ [2026-08-18T13:42:19.152Z] [INFO] [DB] getTable: read shifts table, returned 1 rows
[0m
[0m[2m[19:12:19][22m I | [1mReactNativeJS[22m ▶︎ [2026-08-18T13:42:19.408Z] [INFO] [DB] getTable: read attendance table, returned 10 rows
[0m
[0m[2m[19:12:19][22m I | [1mReactNativeJS[22m ▶︎ [2026-08-18T13:42:19.615Z] [INFO] [DB] getTable: read patrols table, returned 2 rows
[0m
[0m[2m[19:12:19][22m I | [1mReactNativeJS[22m ▶︎ [2026-08-18T13:42:19.697Z] [INFO] [DB] getTable: read leaves table, returned 1 rows
[0m
[0m[2m[19:12:19][22m I | [1mReactNativeJS[22m ▶︎ [2026-08-18T13:42:19.872Z] [INFO] [DB] getTable: read incidents table, returned 13 rows
[0m
[0m[2m[19:12:20][22m I | [1mReactNativeJS[22m ▶︎ [2026-08-18T13:42:20.073Z] [INFO] [DB] getTable: read messages table, returned 2 rows
[0m
[0m[2m[19:12:20][22m I | [1mReactNativeJS[22m ▶︎ [2026-08-18T13:42:20.181Z] [INFO] [DB] getTable: read notifications table, returned 21 rows
[0m
[0m[2m[19:12:20][22m I | [1mReactNativeJS[22m ▶︎ [2026-08-18T13:42:20.557Z] [INFO] [GuardStore] Hydration completed successfully for G-1001
[0m
[0m[2m[19:12:26][22m I | [1mReactNativeJS[22m ▶︎ [2026-08-18T13:42:26.652Z] [INFO] [AttendanceCard] Current Attendance Info - Status: Checked In, ClockIn: 5:37 PM, ClockOut: --:--
[0m
[0m[2m[19:15:47][22m I | [1mReactNativeJS[22m ▶︎ [2026-08-18T13:45:47.371Z] [INFO] [DB] getTable: read employees table, returned 4 rows
[0m
[0m[2m[19:15:47][22m I | [1mReactNativeJS[22m ▶︎ [2026-08-18T13:45:47.419Z] [INFO] [DB] getTable: read shifts table, returned 1 rows
[0m
[0m[2m[19:15:47][22m I | [1mReactNativeJS[22m ▶︎ [2026-08-18T13:45:47.895Z] [INFO] [DB] getTable: read attendance table, returned 10 rows
[0m
[0m[2m[19:15:48][22m I | [1mReactNativeJS[22m ▶︎ [2026-08-18T13:45:48.016Z] [INFO] [DB] getTable: read patrols table, returned 2 rows
[0m
[0m[2m[19:15:49][22m I | [1mReactNativeJS[22m ▶︎ [2026-08-18T13:45:49.245Z] [INFO] [DB] getTable: read employees table, returned 4 rows
[0m
[0m[2m[19:15:49][22m I | [1mReactNativeJS[22m ▶︎ [2026-08-18T13:45:49.958Z] [INFO] [DB] getTable: read leaves table, returned 1 rows
[0m
[0m[2m[19:15:50][22m I | [1mReactNativeJS[22m ▶︎ [2026-08-18T13:45:50.119Z] [INFO] [DB] getTable: read employees table, returned 4 rows
[0m
[0m[2m[19:15:50][22m I | [1mReactNativeJS[22m ▶︎ [2026-08-18T13:45:50.149Z] [INFO] [DB] getTable: read incidents table, returned 13 rows
[0m
[0m[2m[19:15:50][22m I | [1mReactNativeJS[22m ▶︎ [2026-08-18T13:45:50.241Z] [INFO] [DB] getTable: read shifts table, returned 1 rows
[0m
[0m[2m[19:15:50][22m I | [1mReactNativeJS[22m ▶︎ [2026-08-18T13:45:50.510Z] [INFO] [DB] getTable: read messages table, returned 2 rows
[0m
[0m[2m[19:15:50][22m I | [1mReactNativeJS[22m ▶︎ [2026-08-18T13:45:50.963Z] [INFO] [DB] getTable: read attendance table, returned 10 rows
[0m
[0m[2m[19:15:50][22m I | [1mReactNativeJS[22m ▶︎ [2026-08-18T13:45:50.991Z] [INFO] [DB] getTable: read notifications table, returned 21 rows
[0m
[0m[2m[19:15:51][22m I | [1mReactNativeJS[22m ▶︎ [2026-08-18T13:45:51.703Z] [INFO] [DB] getTable: read patrols table, returned 2 rows
[0m
[0m[2m[19:15:52][22m I | [1mReactNativeJS[22m ▶︎ [2026-08-18T13:45:52.060Z] [INFO] [GuardStore] Hydration completed successfully for G-1001
[0m
[0m[2m[19:15:54][22m I | [1mReactNativeJS[22m ▶︎ [2026-08-18T13:45:54.923Z] [INFO] [DB] getTable: read leaves table, returned 1 rows
[0m
[0m[2m[19:15:56][22m I | [1mReactNativeJS[22m ▶︎ [2026-08-18T13:45:56.561Z] [INFO] [DB] getTable: read incidents table, returned 13 rows
[0m
[0m[2m[19:15:56][22m I | [1mReactNativeJS[22m ▶︎ [2026-08-18T13:45:56.955Z] [INFO] [DB] getTable: read messages table, returned 2 rows
[0m
[0m[2m[19:15:57][22m I | [1mReactNativeJS[22m ▶︎ [2026-08-18T13:45:57.468Z] [INFO] [AttendanceCard] Current Attendance Info - Status: Not Checked In, ClockIn: --:--, ClockOut: --:--
[0m
[0m[2m[19:15:57][22m I | [1mReactNativeJS[22m ▶︎ [2026-08-18T13:45:57.955Z] [INFO] [DB] getTable: read notifications table, returned 21 rows
[0m
[0m[2m[19:15:58][22m I | [1mReactNativeJS[22m ▶︎ [2026-08-18T13:45:58.004Z] [INFO] [DB] getTable: read employees table, returned 4 rows
[0m
[0m[2m[19:15:58][22m I | [1mReactNativeJS[22m ▶︎ [2026-08-18T13:45:58.271Z] [INFO] [GuardStore] Hydration completed successfully for G-1001
[0m
[0m[2m[19:15:58][22m I | [1mReactNativeJS[22m ▶︎ [2026-08-18T13:45:58.640Z] [INFO] [DB] getTable: read leaves table, returned 1 rows
                             [2m└ [22m[2026-08-18T13:45:58.643Z] [INFO] [DB] getTable: read employees table, returned 4 rows
[0m
[0m[2m[19:15:58][22m I | [1mReactNativeJS[22m ▶︎ [2026-08-18T13:45:58.931Z] [INFO] [DB] getTable: read employees table, returned 4 rows
                             [2m└ [22m[2026-08-18T13:45:58.934Z] [INFO] [DB] getTable: read incidents table, returned 13 rows
[0m
[0m[2m[19:15:59][22m I | [1mReactNativeJS[22m ▶︎ [2026-08-18T13:45:59.397Z] [INFO] [DB] getTable: read attendance table, returned 10 rows
[0m
[0m[2m[19:15:59][22m I | [1mReactNativeJS[22m ▶︎ [2026-08-18T13:45:59.788Z] [INFO] [DB] getTable: read leaves table, returned 1 rows
                             [2m└ [22m[2026-08-18T13:45:59.800Z] [INFO] [GuardStore] Hydration completed successfully for G-1001
[0m
[0m[2m[19:16:02][22m I | [1mReactNativeJS[22m ▶︎ [2026-08-18T13:46:02.242Z] [INFO] [AttendanceCard] Current Attendance Info - Status: Checked In, ClockIn: 5:37 PM, ClockOut: --:--
[0m
[0m[2m[19:16:02][22m I | [1mReactNativeJS[22m ▶︎ [2026-08-18T13:46:02.396Z] [INFO] [DB] getTable: read incidents table, returned 13 rows
[0m
[0m[2m[19:16:03][22m I | [1mReactNativeJS[22m ▶︎ [2026-08-18T13:46:03.486Z] [INFO] [DB] getTable: read messages table, returned 2 rows
[0m
[0m[2m[19:16:03][22m I | [1mReactNativeJS[22m ▶︎ [2026-08-18T13:46:03.940Z] [INFO] [DB] getTable: read notifications table, returned 21 rows
[0m
[0m[2m[19:16:04][22m I | [1mReactNativeJS[22m ▶︎ [2026-08-18T13:46:04.163Z] [INFO] [GuardStore] Hydration completed successfully for G-1001
[0m
[0m[2m[19:16:05][22m I | [1mReactNativeJS[22m ▶︎ [2026-08-18T13:46:05.351Z] [INFO] [AttendanceCard] Current Attendance Info - Status: Not Checked In, ClockIn: --:--, ClockOut: --:--
[0m
[0m[2m[19:16:05][22m I | [1mReactNativeJS[22m ▶︎ [2026-08-18T13:46:05.653Z] [INFO] [DB] getTable: read employees table, returned 4 rows
[0m
[0m[2m[19:16:05][22m I | [1mReactNativeJS[22m ▶︎ [2026-08-18T13:46:05.824Z] [INFO] [DB] getTable: read shifts table, returned 1 rows
[0m
[0m[2m[19:16:05][22m I | [1mReactNativeJS[22m ▶︎ [2026-08-18T13:46:05.887Z] [INFO] [DB] getTable: read attendance table, returned 10 rows
[0m
[0m[2m[19:16:06][22m I | [1mReactNativeJS[22m ▶︎ [2026-08-18T13:46:06.339Z] [INFO] [DB] getTable: read employees table, returned 4 rows
                             [2m└ [22m[2026-08-18T13:46:06.379Z] [INFO] [DB] getTable: read incidents table, returned 13 rows
[0m
[0m[2m[19:16:06][22m I | [1mReactNativeJS[22m ▶︎ [2026-08-18T13:46:06.797Z] [INFO] [DB] getTable: read shifts table, returned 1 rows
[0m
[0m[2m[19:16:06][22m I | [1mReactNativeJS[22m ▶︎ [2026-08-18T13:46:06.908Z] [INFO] [DB] getTable: read notifications table, returned 21 rows
                             [2m└ [22m[2026-08-18T13:46:06.964Z] [INFO] [DB] getTable: read attendance table, returned 10 rows
[0m
[0m[2m[19:16:07][22m I | [1mReactNativeJS[22m ▶︎ [2026-08-18T13:46:07.208Z] [INFO] [GuardStore] Hydration completed successfully for G-1001
[0m
[0m[2m[19:16:09][22m I | [1mReactNativeJS[22m ▶︎ [2026-08-18T13:46:09.080Z] [INFO] [DB] getTable: read leaves table, returned 1 rows
[0m
[0m[2m[19:16:09][22m I | [1mReactNativeJS[22m ▶︎ [2026-08-18T13:46:09.804Z] [INFO] [DB] getTable: read incidents table, returned 13 rows
[0m
[0m[2m[19:16:10][22m I | [1mReactNativeJS[22m ▶︎ [2026-08-18T13:46:10.279Z] [INFO] [DB] getTable: read messages table, returned 2 rows
[0m
[0m[2m[19:16:10][22m I | [1mReactNativeJS[22m ▶︎ [2026-08-18T13:46:10.381Z] [INFO] [DB] getTable: read notifications table, returned 21 rows
[0m
[0m[2m[19:16:10][22m I | [1mReactNativeJS[22m ▶︎ [2026-08-18T13:46:10.482Z] [INFO] [GuardStore] Hydration completed successfully for G-1001
[0m
[0m[2m[19:16:23][22m [31mE |[39m [1m[31mReactNativeJS[39m[22m [31m▶︎[39m [31m{ [Error: TransformError SyntaxError: D:\Priority1\Priority1MobileApp\src\features\safety\screens\LoneWorkerDetailsScreen.tsx: Unexpected token, expected "," (244:11)[39m
                             [31m│ [39m[31m[39m
                             [31m│ [39m[31m[0m [90m 242 |[31m   gridRow[33m:[31m {[39m
                             [31m│ [39m[31m[90m 243 |[31m     flexDirection[33m:[31m [32m'row'[31m[33m,[31m[39m
                             [31m│ [39m[31m[31m[1m>[22m[31m[90m 244 |[31m     justify[33m.[31mcontent[33m:[31m [32m'space-between'[31m[33m,[31m[39m
                             [31m│ [39m[31m[90m     |[31m            [31m[1m^[22m[31m[39m
                             [31m│ [39m[31m[90m 245 |[31m   }[33m,[31m[39m
                             [31m│ [39m[31m[90m 246 |[31m   gridCol[33m:[31m {[39m
                             [31m│ [39m[31m[90m 247 |[31m     width[33m:[31m [32m'48%'[31m[33m,[31m[0m] preventSymbolication: true }[39m
                             [31m│ [39m[31m[2026-08-18T13:46:23.775Z] [ERROR] [ConsoleError] Error: TransformError SyntaxError: D:\Priority1\Priority1MobileApp\src\features\safety\screens\LoneWorkerDetailsScreen.tsx: Unexpected token, expected "," (244:11)[39m
                             [31m│ [39m[31m[39m
                             [31m│ [39m[31m[0m [90m 242 |[31m   gridRow[33m:[31m {[39m
                             [31m│ [39m[31m[90m 243 |[31m     flexDirection[33m:[31m [32m'row'[31m[33m,[31m[39m
                             [31m│ [39m[31m[31m[1m>[22m[31m[90m 244 |[31m     justify[33m.[31mcontent[33m:[31m [32m'space-between'[31m[33m,[31m[39m
                             [31m│ [39m[31m[90m     |[31m            [31m[1m^[22m[31m[39m
                             [31m│ [39m[31m[90m 245 |[31m   }[33m,[31m[39m
                             [31m│ [39m[31m[90m 246 |[31m   gridCol[33m:[31m {[39m
                             [31m│ [39m[31m[90m 247 |[31m     width[33m:[31m [32m'48%'[31m[33m,[31m[0m[39m
                             [31m│ [39m[31mError: TransformError SyntaxError: D:\Priority1\Priority1MobileApp\src\features\safety\screens\LoneWorkerDetailsScreen.tsx: Unexpected token, expected "," (244:11)[39m
                             [31m│ [39m[31m[39m
                             [31m│ [39m[31m[0m [90m 242 |[31m   gridRow[33m:[31m {[39m
                             [31m│ [39m[31m[90m 243 |[31m     flexDirection[33m:[31m [32m'row'[31m[33m,[31m[39m
                             [31m│ [39m[31m[31m[1m>[22m[31m[90m 244 |[31m     justify[33m.[31mcontent[33m:[31m [32m'space-between'[31m[33m,[31m[39m
                             [31m│ [39m[31m[90m     |[31m            [31m[1m^[22m[31m[39m
                             [31m│ [39m[31m[90m 245 |[31m   }[33m,[31m[39m
                             [31m│ [39m[31m[90m 246 |[31m   gridCol[33m:[31m {[39m
                             [31m│ [39m[31m[90m 247 |[31m     width[33m:[31m [32m'48%'[31m[33m,[31m[0m[39m
                             [31m│ [39m[31mat showCompileError (http://10.0.2.2:8081/index.bundle//&platform=android&dev=true&lazy=true&minify=false&app=com.myfirstapp&modulesOnly=false&runModule=true&excludeSource=true&sourcePaths=url-server:50897:26)[39m
                             [31m│ [39m[31mat anonymous (http://10.0.2.2:8081/index.bundle//&platform=android&dev=true&lazy=true&minify=false&app=com.myfirstapp&modulesOnly=false&runModule=true&excludeSource=true&sourcePaths=url-server:50823:29)[39m
                             [31m│ [39m[31mat call (native)[39m
                             [31m│ [39m[31mat emit (http://10.0.2.2:8081/index.bundle//&platform=android&dev=true&lazy=true&minify=false&app=com.myfirstapp&modulesOnly=false&runModule=true&excludeSource=true&sourcePaths=url-server:51410:35)[39m
                             [31m│ [39m[31mat anonymous (http://10.0.2.2:8081/index.bundle//&platform=android&dev=true&lazy=true&minify=false&app=com.myfirstapp&modulesOnly=false&runModule=true&excludeSource=true&sourcePaths=url-server:51190:23)[39m
                             [31m│ [39m[31mat invoke (http://10.0.2.2:8081/index.bundle//&platform=android&dev=true&lazy=true&minify=false&app=com.myfirstapp&modulesOnly=false&runModule=true&excludeSource=true&sourcePaths=url-server:20415:31)[39m
                             [31m│ [39m[31mat dispatch (http://10.0.2.2:8081/index.bundle//&platform=android&dev=true&lazy=true&minify=false&app=com.myfirstapp&modulesOnly=false&runModule=true&excludeSource=true&sourcePaths=url-server:20347:13)[39m
                             [31m│ [39m[31mat dispatchEvent (http://10.0.2.2:8081/index.bundle//&platform=android&dev=true&lazy=true&minify=false&app=com.myfirstapp&modulesOnly=false&runModule=true&excludeSource=true&sourcePaths=url-server:20297:17)[39m
                             [31m│ [39m[31mat anonymous (http://10.0.2.2:8081/index.bundle//&platform=android&dev=true&lazy=true&minify=false&app=com.myfirstapp&modulesOnly=false&runModule=true&excludeSource=true&sourcePaths=url-server:46641:29)[39m
                             [31m│ [39m[31mat apply (native)[39m
                             [31m│ [39m[31mat emit (http://10.0.2.2:8081/index.bundle//&platform=android&dev=true&lazy=true&minify=false&app=com.myfirstapp&modulesOnly=false&runModule=true&excludeSource=true&sourcePaths=url-server:5827:40)[39m
                             [31m│ [39m[31mat apply (native)[39m
                             [31m│ [39m[31mat anonymous (http://10.0.2.2:8081/index.bundle//&platform=android&dev=true&lazy=true&minify=false&app=com.myfirstapp&modulesOnly=false&runModule=true&excludeSource=true&sourcePaths=url-server:5693:200)[39m
                             [31m└ [39m[31mat emit (http://10.0.2.2:8081/index.bundle//&platform=android&dev=true&lazy=true&minify=false&app=com.myfirstapp&modulesOnly=false&runModule=true&excludeSource=true&sourcePaths=url-server:5705:68)[39m
[0m
[0m[2m[19:16:34][22m [31mE |[39m [1m[31mReactNativeJS[39m[22m [31m▶︎[39m [31m{ [Error: TransformError SyntaxError: D:\Priority1\Priority1MobileApp\src\features\safety\screens\LoneWorkerDetailsScreen.tsx: Unexpected token, expected "," (244:11)[39m
                             [31m│ [39m[31m[39m
                             [31m│ [39m[31m[0m [90m 242 |[31m   gridRow[33m:[31m {[39m
                             [31m│ [39m[31m[90m 243 |[31m     flexDirection[33m:[31m [32m'row'[31m[33m,[31m[39m
                             [31m│ [39m[31m[31m[1m>[22m[31m[90m 244 |[31m     justify[33m.[31mcontent[33m:[31m [32m'space-between'[31m[33m,[31m[39m
                             [31m│ [39m[31m[90m     |[31m            [31m[1m^[22m[31m[39m
                             [31m│ [39m[31m[90m 245 |[31m   }[33m,[31m[39m
                             [31m│ [39m[31m[90m 246 |[31m   gridCol[33m:[31m {[39m
                             [31m│ [39m[31m[90m 247 |[31m     width[33m:[31m [32m'48%'[31m[33m,[31m[0m] preventSymbolication: true }[39m
                             [31m│ [39m[31m[2026-08-18T13:46:34.401Z] [ERROR] [ConsoleError] Error: TransformError SyntaxError: D:\Priority1\Priority1MobileApp\src\features\safety\screens\LoneWorkerDetailsScreen.tsx: Unexpected token, expected "," (244:11)[39m
                             [31m│ [39m[31m[39m
                             [31m│ [39m[31m[0m [90m 242 |[31m   gridRow[33m:[31m {[39m
                             [31m│ [39m[31m[90m 243 |[31m     flexDirection[33m:[31m [32m'row'[31m[33m,[31m[39m
                             [31m│ [39m[31m[31m[1m>[22m[31m[90m 244 |[31m     justify[33m.[31mcontent[33m:[31m [32m'space-between'[31m[33m,[31m[39m
                             [31m│ [39m[31m[90m     |[31m            [31m[1m^[22m[31m[39m
                             [31m│ [39m[31m[90m 245 |[31m   }[33m,[31m[39m
                             [31m│ [39m[31m[90m 246 |[31m   gridCol[33m:[31m {[39m
                             [31m│ [39m[31m[90m 247 |[31m     width[33m:[31m [32m'48%'[31m[33m,[31m[0m[39m
                             [31m│ [39m[31mError: TransformError SyntaxError: D:\Priority1\Priority1MobileApp\src\features\safety\screens\LoneWorkerDetailsScreen.tsx: Unexpected token, expected "," (244:11)[39m
                             [31m│ [39m[31m[39m
                             [31m│ [39m[31m[0m [90m 242 |[31m   gridRow[33m:[31m {[39m
                             [31m│ [39m[31m[90m 243 |[31m     flexDirection[33m:[31m [32m'row'[31m[33m,[31m[39m
                             [31m│ [39m[31m[31m[1m>[22m[31m[90m 244 |[31m     justify[33m.[31mcontent[33m:[31m [32m'space-between'[31m[33m,[31m[39m
                             [31m│ [39m[31m[90m     |[31m            [31m[1m^[22m[31m[39m
                             [31m│ [39m[31m[90m 245 |[31m   }[33m,[31m[39m
                             [31m│ [39m[31m[90m 246 |[31m   gridCol[33m:[31m {[39m
                             [31m│ [39m[31m[90m 247 |[31m     width[33m:[31m [32m'48%'[31m[33m,[31m[0m[39m
                             [31m│ [39m[31mat showCompileError (http://10.0.2.2:8081/index.bundle//&platform=android&dev=true&lazy=true&minify=false&app=com.myfirstapp&modulesOnly=false&runModule=true&excludeSource=true&sourcePaths=url-server:50897:26)[39m
                             [31m│ [39m[31mat anonymous (http://10.0.2.2:8081/index.bundle//&platform=android&dev=true&lazy=true&minify=false&app=com.myfirstapp&modulesOnly=false&runModule=true&excludeSource=true&sourcePaths=url-server:50823:29)[39m
                             [31m│ [39m[31mat call (native)[39m
                             [31m│ [39m[31mat emit (http://10.0.2.2:8081/index.bundle//&platform=android&dev=true&lazy=true&minify=false&app=com.myfirstapp&modulesOnly=false&runModule=true&excludeSource=true&sourcePaths=url-server:51410:35)[39m
                             [31m│ [39m[31mat anonymous (http://10.0.2.2:8081/index.bundle//&platform=android&dev=true&lazy=true&minify=false&app=com.myfirstapp&modulesOnly=false&runModule=true&excludeSource=true&sourcePaths=url-server:51190:23)[39m
                             [31m│ [39m[31mat invoke (http://10.0.2.2:8081/index.bundle//&platform=android&dev=true&lazy=true&minify=false&app=com.myfirstapp&modulesOnly=false&runModule=true&excludeSource=true&sourcePaths=url-server:20415:31)[39m
                             [31m│ [39m[31mat dispatch (http://10.0.2.2:8081/index.bundle//&platform=android&dev=true&lazy=true&minify=false&app=com.myfirstapp&modulesOnly=false&runModule=true&excludeSource=true&sourcePaths=url-server:20347:13)[39m
                             [31m│ [39m[31mat dispatchEvent (http://10.0.2.2:8081/index.bundle//&platform=android&dev=true&lazy=true&minify=false&app=com.myfirstapp&modulesOnly=false&runModule=true&excludeSource=true&sourcePaths=url-server:20297:17)[39m
                             [31m│ [39m[31mat anonymous (http://10.0.2.2:8081/index.bundle//&platform=android&dev=true&lazy=true&minify=false&app=com.myfirstapp&modulesOnly=false&runModule=true&excludeSource=true&sourcePaths=url-server:46641:29)[39m
                             [31m│ [39m[31mat apply (native)[39m
                             [31m│ [39m[31mat emit (http://10.0.2.2:8081/index.bundle//&platform=android&dev=true&lazy=true&minify=false&app=com.myfirstapp&modulesOnly=false&runModule=true&excludeSource=true&sourcePaths=url-server:5827:40)[39m
                             [31m│ [39m[31mat apply (native)[39m
                             [31m│ [39m[31mat anonymous (http://10.0.2.2:8081/index.bundle//&platform=android&dev=true&lazy=true&minify=false&app=com.myfirstapp&modulesOnly=false&runModule=true&excludeSource=true&sourcePaths=url-server:5693:200)[39m
                             [31m└ [39m[31mat emit (http://10.0.2.2:8081/index.bundle//&platform=android&dev=true&lazy=true&minify=false&app=com.myfirstapp&modulesOnly=false&runModule=true&excludeSource=true&sourcePaths=url-server:5705:68)[39m
[0m
[0m[2m[19:16:48][22m [31mE |[39m [1m[31mReactNativeJS[39m[22m [31m▶︎[39m [31m{ [Error: TransformError SyntaxError: D:\Priority1\Priority1MobileApp\src\features\safety\screens\LoneWorkerScreen.tsx: Unexpected token, expected "," (284:11)[39m
                             [31m│ [39m[31m[39m
                             [31m│ [39m[31m[0m [90m 282 |[31m   headerRow[33m:[31m {[39m
                             [31m│ [39m[31m[90m 283 |[31m     flexDirection[33m:[31m [32m'row'[31m[33m,[31m[39m
                             [31m│ [39m[31m[31m[1m>[22m[31m[90m 284 |[31m     justify[33m.[31mcontent[33m:[31m [32m'space-between'[31m[33m,[31m[39m
                             [31m│ [39m[31m[90m     |[31m            [31m[1m^[22m[31m[39m
                             [31m│ [39m[31m[90m 285 |[31m     alignItems[33m:[31m [32m'flex-start'[31m[33m,[31m[39m
                             [31m│ [39m[31m[90m 286 |[31m   }[33m,[31m[39m
                             [31m└ [39m[31m[90m 287 |[31m   statusBadge[33m:[31m {[0m] preventSymbolication: true }[39m
[0m
[0m[2m[19:16:48][22m [31mE |[39m [1m[31mReactNativeJS[39m[22m [31m▶︎[39m [31m[2026-08-18T13:46:48.936Z] [ERROR] [ConsoleError] Error: TransformError SyntaxError: D:\Priority1\Priority1MobileApp\src\features\safety\screens\LoneWorkerScreen.tsx: Unexpected token, expected "," (284:11)[39m
                             [31m│ [39m[31m[39m
                             [31m│ [39m[31m[0m [90m 282 |[31m   headerRow[33m:[31m {[39m
                             [31m│ [39m[31m[90m 283 |[31m     flexDirection[33m:[31m [32m'row'[31m[33m,[31m[39m
                             [31m│ [39m[31m[31m[1m>[22m[31m[90m 284 |[31m     justify[33m.[31mcontent[33m:[31m [32m'space-between'[31m[33m,[31m[39m
                             [31m│ [39m[31m[90m     |[31m            [31m[1m^[22m[31m[39m
                             [31m│ [39m[31m[90m 285 |[31m     alignItems[33m:[31m [32m'flex-start'[31m[33m,[31m[39m
                             [31m│ [39m[31m[90m 286 |[31m   }[33m,[31m[39m
                             [31m│ [39m[31m[90m 287 |[31m   statusBadge[33m:[31m {[0m[39m
                             [31m│ [39m[31mError: TransformError SyntaxError: D:\Priority1\Priority1MobileApp\src\features\safety\screens\LoneWorkerScreen.tsx: Unexpected token, expected "," (284:11)[39m
                             [31m│ [39m[31m[39m
                             [31m│ [39m[31m[0m [90m 282 |[31m   headerRow[33m:[31m {[39m
                             [31m│ [39m[31m[90m 283 |[31m     flexDirection[33m:[31m [32m'row'[31m[33m,[31m[39m
                             [31m│ [39m[31m[31m[1m>[22m[31m[90m 284 |[31m     justify[33m.[31mcontent[33m:[31m [32m'space-between'[31m[33m,[31m[39m
                             [31m│ [39m[31m[90m     |[31m            [31m[1m^[22m[31m[39m
                             [31m│ [39m[31m[90m 285 |[31m     alignItems[33m:[31m [32m'flex-start'[31m[33m,[31m[39m
                             [31m│ [39m[31m[90m 286 |[31m   }[33m,[31m[39m
                             [31m│ [39m[31m[90m 287 |[31m   statusBadge[33m:[31m {[0m[39m
                             [31m│ [39m[31mat showCompileError (http://10.0.2.2:8081/index.bundle//&platform=android&dev=true&lazy=true&minify=false&app=com.myfirstapp&modulesOnly=false&runModule=true&excludeSource=true&sourcePaths=url-server:50897:26)[39m
                             [31m│ [39m[31mat anonymous (http://10.0.2.2:8081/index.bundle//&platform=android&dev=true&lazy=true&minify=false&app=com.myfirstapp&modulesOnly=false&runModule=true&excludeSource=true&sourcePaths=url-server:50823:29)[39m
                             [31m│ [39m[31mat call (native)[39m
                             [31m│ [39m[31mat emit (http://10.0.2.2:8081/index.bundle//&platform=android&dev=true&lazy=true&minify=false&app=com.myfirstapp&modulesOnly=false&runModule=true&excludeSource=true&sourcePaths=url-server:51410:35)[39m
                             [31m│ [39m[31mat anonymous (http://10.0.2.2:8081/index.bundle//&platform=android&dev=true&lazy=true&minify=false&app=com.myfirstapp&modulesOnly=false&runModule=true&excludeSource=true&sourcePaths=url-server:51190:23)[39m
                             [31m│ [39m[31mat invoke (http://10.0.2.2:8081/index.bundle//&platform=android&dev=true&lazy=true&minify=false&app=com.myfirstapp&modulesOnly=false&runModule=true&excludeSource=true&sourcePaths=url-server:20415:31)[39m
                             [31m│ [39m[31mat dispatch (http://10.0.2.2:8081/index.bundle//&platform=android&dev=true&lazy=true&minify=false&app=com.myfirstapp&modulesOnly=false&runModule=true&excludeSource=true&sourcePaths=url-server:20347:13)[39m
                             [31m│ [39m[31mat dispatchEvent (http://10.0.2.2:8081/index.bundle//&platform=android&dev=true&lazy=true&minify=false&app=com.myfirstapp&modulesOnly=false&runModule=true&excludeSource=true&sourcePaths=url-server:20297:17)[39m
                             [31m│ [39m[31mat anonymous (http://10.0.2.2:8081/index.bundle//&platform=android&dev=true&lazy=true&minify=false&app=com.myfirstapp&modulesOnly=false&runModule=true&excludeSource=true&sourcePaths=url-server:46641:29)[39m
                             [31m│ [39m[31mat apply (native)[39m
                             [31m│ [39m[31mat emit (http://10.0.2.2:8081/index.bundle//&platform=android&dev=true&lazy=true&minify=false&app=com.myfirstapp&modulesOnly=false&runModule=true&excludeSource=true&sourcePaths=url-server:5827:40)[39m
                             [31m│ [39m[31mat apply (native)[39m
                             [31m│ [39m[31mat anonymous (http://10.0.2.2:8081/index.bundle//&platform=android&dev=true&lazy=true&minify=false&app=com.myfirstapp&modulesOnly=false&runModule=true&excludeSource=true&sourcePaths=url-server:5693:200)[39m
                             [31m└ [39m[31mat emit (http://10.0.2.2:8081/index.bundle//&platform=android&dev=true&lazy=true&minify=false&app=com.myfirstapp&modulesOnly=false&runModule=true&excludeSource=true&sourcePaths=url-server:5705:68)[39m
[0m
[0m[2m[19:17:32][22m I | [1mReactNativeJS[22m ▶︎ [2026-08-18T13:47:32.571Z] [INFO] [DB] getTable: read employees table, returned 4 rows
[0m
[0m[2m[19:17:32][22m I | [1mReactNativeJS[22m ▶︎ [2026-08-18T13:47:32.615Z] [INFO] [DB] getTable: read shifts table, returned 1 rows
[0m
[0m[2m[19:17:32][22m I | [1mReactNativeJS[22m ▶︎ [2026-08-18T13:47:32.817Z] [INFO] [DB] getTable: read attendance table, returned 10 rows
[0m
[0m[2m[19:17:32][22m I | [1mReactNativeJS[22m ▶︎ [2026-08-18T13:47:32.940Z] [INFO] [DB] getTable: read employees table, returned 4 rows
[0m
[0m[2m[19:17:33][22m I | [1mReactNativeJS[22m ▶︎ [2026-08-18T13:47:33.013Z] [INFO] [DB] getTable: read patrols table, returned 2 rows
[0m
[0m[2m[19:17:33][22m I | [1mReactNativeJS[22m ▶︎ [2026-08-18T13:47:33.696Z] [INFO] [DB] getTable: read employees table, returned 4 rows
[0m
[0m[2m[19:17:34][22m I | [1mReactNativeJS[22m ▶︎ [2026-08-18T13:47:34.040Z] [INFO] [DB] getTable: read leaves table, returned 1 rows
[0m
[0m[2m[19:17:34][22m I | [1mReactNativeJS[22m ▶︎ [2026-08-18T13:47:34.415Z] [INFO] [DB] getTable: read incidents table, returned 13 rows
[0m
[0m[2m[19:17:34][22m I | [1mReactNativeJS[22m ▶︎ [2026-08-18T13:47:34.623Z] [INFO] [DB] getTable: read attendance table, returned 10 rows
[0m
[0m[2m[19:17:34][22m I | [1mReactNativeJS[22m ▶︎ [2026-08-18T13:47:34.718Z] [INFO] [DB] getTable: read messages table, returned 2 rows
[0m
[0m[2m[19:17:35][22m I | [1mReactNativeJS[22m ▶︎ [2026-08-18T13:47:35.043Z] [INFO] [DB] getTable: read leaves table, returned 1 rows
[0m
[0m[2m[19:17:35][22m I | [1mReactNativeJS[22m ▶︎ [2026-08-18T13:47:35.394Z] [INFO] [DB] getTable: read incidents table, returned 13 rows
[0m
[0m[2m[19:17:35][22m I | [1mReactNativeJS[22m ▶︎ [2026-08-18T13:47:35.519Z] [INFO] [GuardStore] Hydration completed successfully for G-1001
[0m
[0m[2m[19:17:37][22m I | [1mReactNativeJS[22m ▶︎ [2026-08-18T13:47:37.557Z] [INFO] [AttendanceCard] Current Attendance Info - Status: Checked In, ClockIn: 5:37 PM, ClockOut: --:--
[0m
[0m[2m[19:17:37][22m I | [1mReactNativeJS[22m ▶︎ [2026-08-18T13:47:37.788Z] [INFO] [DB] getTable: read messages table, returned 2 rows
[0m
[0m[2m[19:17:38][22m I | [1mReactNativeJS[22m ▶︎ [2026-08-18T13:47:38.656Z] [INFO] [DB] getTable: read notifications table, returned 21 rows
[0m
[0m[2m[19:17:39][22m I | [1mReactNativeJS[22m ▶︎ [2026-08-18T13:47:39.115Z] [INFO] [GuardStore] Hydration completed successfully for G-1001
[0m
[0m[2m[19:21:29][22m I | [1mReactNativeJS[22m ▶︎ [2026-08-18T13:51:29.950Z] [INFO] [DB] getTable: read employees table, returned 4 rows
[0m
[0m[2m[19:21:30][22m I | [1mReactNativeJS[22m ▶︎ [2026-08-18T13:51:30.032Z] [INFO] [DB] getTable: read shifts table, returned 1 rows
[0m
[0m[2m[19:21:30][22m I | [1mReactNativeJS[22m ▶︎ [2026-08-18T13:51:30.085Z] [INFO] [DB] getTable: read attendance table, returned 10 rows
[0m
[0m[2m[19:21:30][22m I | [1mReactNativeJS[22m ▶︎ [2026-08-18T13:51:30.260Z] [INFO] [DB] getTable: read patrols table, returned 2 rows
[0m
[0m[2m[19:21:30][22m I | [1mReactNativeJS[22m ▶︎ [2026-08-18T13:51:30.495Z] [INFO] [DB] getTable: read leaves table, returned 1 rows
[0m
[0m[2m[19:21:30][22m I | [1mReactNativeJS[22m ▶︎ [2026-08-18T13:51:30.512Z] [INFO] [DB] getTable: read employees table, returned 4 rows
[0m
[0m[2m[19:21:30][22m I | [1mReactNativeJS[22m ▶︎ [2026-08-18T13:51:30.631Z] [INFO] [DB] getTable: read incidents table, returned 13 rows
[0m
[0m[2m[19:21:30][22m I | [1mReactNativeJS[22m ▶︎ [2026-08-18T13:51:30.803Z] [INFO] [DB] getTable: read employees table, returned 4 rows
[0m
[0m[2m[19:21:30][22m I | [1mReactNativeJS[22m ▶︎ [2026-08-18T13:51:30.848Z] [INFO] [DB] getTable: read messages table, returned 2 rows
[0m
[0m[2m[19:21:31][22m I | [1mReactNativeJS[22m ▶︎ [2026-08-18T13:51:30.997Z] [INFO] [DB] getTable: read shifts table, returned 1 rows
[0m
[0m[2m[19:21:31][22m I | [1mReactNativeJS[22m ▶︎ [2026-08-18T13:51:31.136Z] [INFO] [DB] getTable: read notifications table, returned 21 rows
[0m
[0m[2m[19:21:31][22m I | [1mReactNativeJS[22m ▶︎ [2026-08-18T13:51:31.194Z] [INFO] [DB] getTable: read attendance table, returned 10 rows
[0m
[0m[2m[19:21:31][22m I | [1mReactNativeJS[22m ▶︎ [2026-08-18T13:51:31.458Z] [INFO] [DB] getTable: read patrols table, returned 2 rows
[0m
[0m[2m[19:21:31][22m I | [1mReactNativeJS[22m ▶︎ [2026-08-18T13:51:31.538Z] [INFO] [GuardStore] Hydration completed successfully for G-1001
[0m
[0m[2m[19:21:33][22m I | [1mReactNativeJS[22m ▶︎ [2026-08-18T13:51:33.254Z] [INFO] [AttendanceCard] Current Attendance Info - Status: Checked In, ClockIn: 5:37 PM, ClockOut: --:--
[0m
[0m[2m[19:21:33][22m I | [1mReactNativeJS[22m ▶︎ [2026-08-18T13:51:33.368Z] [INFO] [DB] getTable: read leaves table, returned 1 rows
[0m
[0m[2m[19:21:35][22m I | [1mReactNativeJS[22m ▶︎ [2026-08-18T13:51:35.137Z] [INFO] [DB] getTable: read incidents table, returned 13 rows
[0m
[0m[2m[19:21:35][22m I | [1mReactNativeJS[22m ▶︎ [2026-08-18T13:51:35.260Z] [INFO] [DB] getTable: read messages table, returned 2 rows
[0m
[0m[2m[19:21:35][22m I | [1mReactNativeJS[22m ▶︎ [2026-08-18T13:51:35.533Z] [INFO] [DB] getTable: read notifications table, returned 21 rows
[0m
[0m[2m[19:21:35][22m I | [1mReactNativeJS[22m ▶︎ [2026-08-18T13:51:35.906Z] [INFO] [GuardStore] Hydration completed successfully for G-1001
[0m
[0m[2m[19:23:31][22m [33mW |[39m [1m[33mReactNativeJS[39m[22m [33m▶︎[39m [33mCannot connect to Metro.[39m
                             [33m│ [39m[33m[39m
                             [33m│ [39m[33mTry the following to fix the issue:[39m
                             [33m│ [39m[33m- Ensure that Metro is running and available on the same network[39m
                             [33m│ [39m[33m- Ensure that your device/emulator is connected to your machine and has USB debugging enabled - run 'adb devices' to see a list of connected devices[39m
                             [33m│ [39m[33m- If you're on a physical device connected to the same machine, run 'adb reverse tcp:8081 tcp:8081' to forward requests from your device[39m
                             [33m│ [39m[33m- If your device is on the same Wi-Fi network, set 'Debug server host & port for device' in 'Dev settings' to your machine's IP address and the port of the local dev server - e.g. 10.0.1.1:8081[39m
                             [33m│ [39m[33m[39m
                             [33m│ [39m[33mURL: 10.0.2.2:8081[39m
                             [33m│ [39m[33m[39m
                             [33m└ [39m[33mError: undefined[39m
[0m
[0m[2m[19:23:31][22m [33mW |[39m [1m[33mReactNativeJS[39m[22m [33m▶︎[39m [33m[2026-08-18T13:53:31.530Z] [WARN] [ConsoleWarn] Cannot connect to Metro.[39m
                             [33m│ [39m[33m[39m
                             [33m│ [39m[33mTry the following to fix the issue:[39m
                             [33m│ [39m[33m- Ensure that Metro is running and available on the same network[39m
                             [33m│ [39m[33m- Ensure that your device/emulator is connected to your machine and has USB debugging enabled - run 'adb devices' to see a list of connected devices[39m
                             [33m│ [39m[33m- If you're on a physical device connected to the same machine, run 'adb reverse tcp:8081 tcp:8081' to forward requests from your device[39m
                             [33m│ [39m[33m- If your device is on the same Wi-Fi network, set 'Debug server host & port for device' in 'Dev settings' to your machine's IP address and the port of the local dev server - e.g. 10.0.1.1:8081[39m
                             [33m│ [39m[33m[39m
                             [33m│ [39m[33mURL: 10.0.2.2:8081[39m
                             [33m│ [39m[33m[39m
                             [33m└ [39m[33mError: undefined[39m
[0m
[0m[2m[19:42:49][22m I | [1mReactNativeJS[22m ▶︎ [2026-08-18T14:12:49.272Z] [INFO] [ClockInOutActionCard] Clock Out tapped
[0m
[0m[2m[19:42:49][22m I | [1mReactNativeJS[22m ▶︎ [2026-08-18T14:12:49.791Z] [INFO] [SelfieVerificationScreen] Attendance Info - Status: Checked In, ClockIn: 5:37 PM, ClockOut: --:--
[0m
[0m[2m[19:43:15][22m I | [1mReactNativeJS[22m ▶︎ [2026-08-18T14:13:15.230Z] [INFO] [SelfieVerificationScreen] Confirming Clock Out
[0m
[0m[2m[19:43:15][22m I | [1mReactNativeJS[22m ▶︎ [2026-08-18T14:13:15.319Z] [INFO] [DB] getTable: read attendance table, returned 10 rows
                             [2m└ [22m[2026-08-18T14:13:15.320Z] [INFO] [DB] updateRow: updating row id att-1787054849351 in table attendance with updates: {"clockOut":"2026-08-18T14:13:15.320Z","workingHours":"2.10 hrs"}
[0m
[0m[2m[19:43:15][22m I | [1mReactNativeJS[22m ▶︎ [2026-08-18T14:13:15.448Z] [INFO] [DB] getTable: read attendance table, returned 10 rows
[0m
[0m[2m[19:43:15][22m I | [1mReactNativeJS[22m ▶︎ [2026-08-18T14:13:15.707Z] [INFO] [DB] saveTable: saved 10 rows to attendance table
[0m
[0m[2m[19:43:15][22m I | [1mReactNativeJS[22m ▶︎ [2026-08-18T14:13:15.715Z] [INFO] [DB] insertRow: inserting into notifications with id notif-1787062395708 - {"id":"notif-1787062395708","userId":"G-1001","title":"Clocked Out Successfully","message":"You clocked out at 7:43 PM. Total: 2.10 hrs.","read":false,"createdAt":"2026-08-18T14:13:15.715Z"}
[0m
[0m[2m[19:43:15][22m I | [1mReactNativeJS[22m ▶︎ [2026-08-18T14:13:15.824Z] [INFO] [DB] getTable: read notifications table, returned 21 rows
[0m
[0m[2m[19:43:15][22m I | [1mReactNativeJS[22m ▶︎ [2026-08-18T14:13:15.888Z] [INFO] [DB] saveTable: saved 22 rows to notifications table
[0m
[0m[2m[19:43:15][22m I | [1mReactNativeJS[22m ▶︎ [2026-08-18T14:13:15.895Z] [INFO] [useGuardStore] clockOut update complete for record att-1787054849351
[0m
[0m[2m[19:43:16][22m I | [1mReactNativeJS[22m ▶︎ [2026-08-18T14:13:16.429Z] [INFO] [DB] getTable: read employees table, returned 4 rows
[0m
[0m[2m[19:43:16][22m I | [1mReactNativeJS[22m ▶︎ [2026-08-18T14:13:16.658Z] [INFO] [DB] getTable: read shifts table, returned 1 rows
[0m
[0m[2m[19:43:16][22m I | [1mReactNativeJS[22m ▶︎ [2026-08-18T14:13:16.681Z] [INFO] [DB] getTable: read attendance table, returned 10 rows
[0m
[0m[2m[19:43:16][22m I | [1mReactNativeJS[22m ▶︎ [2026-08-18T14:13:16.746Z] [INFO] [DB] getTable: read patrols table, returned 2 rows
[0m
[0m[2m[19:43:16][22m I | [1mReactNativeJS[22m ▶︎ [2026-08-18T14:13:16.771Z] [INFO] [DB] getTable: read leaves table, returned 1 rows
[0m
[0m[2m[19:43:16][22m I | [1mReactNativeJS[22m ▶︎ [2026-08-18T14:13:16.818Z] [INFO] [DB] getTable: read incidents table, returned 13 rows
[0m
[0m[2m[19:43:16][22m I | [1mReactNativeJS[22m ▶︎ [2026-08-18T14:13:16.849Z] [INFO] [DB] getTable: read messages table, returned 2 rows
[0m
[0m[2m[19:43:16][22m I | [1mReactNativeJS[22m ▶︎ [2026-08-18T14:13:16.896Z] [INFO] [DB] getTable: read notifications table, returned 22 rows
[0m
[0m[2m[19:43:17][22m I | [1mReactNativeJS[22m ▶︎ [2026-08-18T14:13:17.007Z] [INFO] [GuardStore] Hydration completed successfully for G-1001
[0m
[0m[2m[19:43:18][22m I | [1mReactNativeJS[22m ▶︎ [2026-08-18T14:13:18.039Z] [INFO] [AttendanceCard] Current Attendance Info - Status: Checked Out, ClockIn: 1:14 PM, ClockOut: 1:20 PM
[0m
[0m[2m[19:43:18][22m I | [1mReactNativeJS[22m ▶︎ [2026-08-18T14:13:18.091Z] [INFO] [SelfieVerificationScreen] Attendance Info - Status: Checked Out, ClockIn: 1:14 PM, ClockOut: 1:20 PM
[0m
[0m[2m[19:43:18][22m I | [1mReactNativeJS[22m ▶︎ [2026-08-18T14:13:18.099Z] [INFO] [useGuardStore] clockOut completed successfully for G-1001
[0m
[0m[2m[19:45:50][22m I | [1mReactNativeJS[22m ▶︎ Running "MyFirstApp" with {"rootTag":1,"initialProps":{},"fabric":true}
[0m
[0m[2m[19:45:53][22m I | [1mReactNative[22m ▶︎ [GESTURE HANDLER] Initialize gesture handler for root view com.facebook.react.runtime.ReactSurfaceView{288d1cd V.E...... ......ID 0,0-1080,2400 #1}
[0m
[0m[2m[19:45:56][22m I | [1mReactNativeJS[22m ▶︎ [2026-08-18T14:15:56.856Z] [INFO] [DB] getTable: read employees table, returned 4 rows
[0m
[0m[2m[19:45:57][22m I | [1mReactNativeJS[22m ▶︎ [2026-08-18T14:15:57.160Z] [INFO] [DB] getTable: read employees table, returned 4 rows
[0m
[0m[2m[19:45:57][22m I | [1mReactNativeJS[22m ▶︎ [2026-08-18T14:15:57.447Z] [INFO] [DB] getTable: read shifts table, returned 1 rows
[0m
[0m[2m[19:45:57][22m I | [1mReactNativeJS[22m ▶︎ [2026-08-18T14:15:57.719Z] [INFO] [DB] getTable: read attendance table, returned 10 rows
[0m
[0m[2m[19:45:57][22m I | [1mReactNativeJS[22m ▶︎ [2026-08-18T14:15:57.855Z] [INFO] [DB] getTable: read patrols table, returned 2 rows
[0m
[0m[2m[19:45:58][22m I | [1mReactNativeJS[22m ▶︎ [2026-08-18T14:15:58.339Z] [INFO] [DB] getTable: read leaves table, returned 1 rows
[0m
[0m[2m[19:45:58][22m I | [1mReactNativeJS[22m ▶︎ [2026-08-18T14:15:58.769Z] [INFO] [DB] getTable: read messages table, returned 2 rows
[0m
[0m[2m[19:45:58][22m I | [1mReactNativeJS[22m ▶︎ [2026-08-18T14:15:58.804Z] [INFO] [DB] getTable: read notifications table, returned 22 rows
[0m
[0m[2m[19:46:01][22m I | [1mReactNativeJS[22m ▶︎ [2026-08-18T14:16:01.155Z] [INFO] [GuardStore] Hydration completed successfully for G-1001
[0m
[0m[2m[19:46:11][22m I | [1mReactNativeJS[22m ▶︎ [2026-08-18T14:16:11.305Z] [INFO] [AttendanceCard] Current Attendance Info - Status: Checked Out, ClockIn: 1:14 PM, ClockOut: 1:20 PM
[0m
[0m[2m[19:47:25][22m I | [1mReactNativeJS[22m ▶︎ [2026-08-18T14:17:25.530Z] [INFO] [DB] insertRow: inserting into incidents with id inc-1787062645529 - {"id":"inc-1787062645529","incidentCode":"INC-2026-270","title":"car","category":"Security Breach","severity":"Medium","status":"Open","reportedBy":"John Smith","reportedById":"G-1001","employeeId":"G-1001","role":"Senior Security Officer","site":"Ahmedabad Plant","siteId":"site-001","date":"Aug 18, 2026","exactTime":"7:46:33 PM","createdAt":"2026-08-18T14:17:25.529Z","details":"car","observations":"car","gps":"23.1145° N, 72.5821° E","gpsStatus":"GPS Verified — Inside Site Boundary","companyId":"company-001","assignedTo":"Security Control Room","attachments":[]}
[0m
[0m[2m[19:47:26][22m I | [1mReactNativeJS[22m ▶︎ [2026-08-18T14:17:26.048Z] [INFO] [DB] saveTable: saved 14 rows to incidents table
[0m
[0m[2m[19:47:26][22m I | [1mReactNativeJS[22m ▶︎ [2026-08-18T14:17:26.058Z] [INFO] [DB] insertRow: inserting into incidents with id i-inc-1787062646057 - {"id":"i-inc-1787062646057","title":"car","site":"Ahmedabad Plant","siteId":"s-01","reportedBy":"John Smith","reportedById":"G-1001","severity":"medium","status":"open","date":"2026-08-18","createdAt":"2026-08-18T14:17:26.057Z","details":"car","companyId":"c-1"}
[0m
[0m[2m[19:47:26][22m I | [1mReactNativeJS[22m ▶︎ [2026-08-18T14:17:26.149Z] [INFO] [DB] saveTable: saved 15 rows to incidents table
[0m
[0m[2m[19:47:26][22m I | [1mReactNativeJS[22m ▶︎ [2026-08-18T14:17:26.170Z] [INFO] [DB] getTable: read employees table, returned 4 rows
[0m
[0m[2m[19:47:26][22m I | [1mReactNativeJS[22m ▶︎ [2026-08-18T14:17:26.195Z] [INFO] [DB] getTable: read shifts table, returned 1 rows
[0m
[0m[2m[19:47:26][22m I | [1mReactNativeJS[22m ▶︎ [2026-08-18T14:17:26.251Z] [INFO] [DB] getTable: read attendance table, returned 10 rows
[0m
[0m[2m[19:47:26][22m I | [1mReactNativeJS[22m ▶︎ [2026-08-18T14:17:26.295Z] [INFO] [DB] getTable: read patrols table, returned 2 rows
[0m
[0m[2m[19:47:26][22m I | [1mReactNativeJS[22m ▶︎ [2026-08-18T14:17:26.333Z] [INFO] [DB] getTable: read leaves table, returned 1 rows
[0m
[0m[2m[19:47:26][22m I | [1mReactNativeJS[22m ▶︎ [2026-08-18T14:17:26.368Z] [INFO] [DB] getTable: read messages table, returned 2 rows
[0m
[0m[2m[19:47:26][22m I | [1mReactNativeJS[22m ▶︎ [2026-08-18T14:17:26.386Z] [INFO] [DB] getTable: read notifications table, returned 22 rows
[0m
[0m[2m[19:47:26][22m I | [1mReactNativeJS[22m ▶︎ [2026-08-18T14:17:26.471Z] [INFO] [GuardStore] Hydration completed successfully for G-1001
[0m
[0m[2m[19:53:49][22m [31mE |[39m [1m[31mReactNativeJS[39m[22m [31m▶︎[39m [31m'React has detected a change in the order of Hooks called by %s. This will lead to bugs and errors if not fixed. For more information, read the Rules of Hooks: https://react.dev/link/rules-of-hooks\n\n   Previous render            Next render\n   ------------------------------------------------------\n%s   ^^^^^^^^^^^^^^^^^^^^^^^^^^^^^^^^^^^^^^^^^^^^^^^^^^^^^^\n', 'IncidentScreen', '1. useContext                 useContext\n2. useContext                 useContext\n3. useContext                 useContext\n4. useContext                 useContext\n5. useContext                 useContext\n6. useContext                 useContext\n7. useCallback                useCallback\n8. useSyncExternalStore       useSyncExternalStore\n9. useCallback                useCallback\n10. useCallback               useCallback\n11. useSyncExternalStore      useSyncExternalStore\n12. useDebugValue             useDebugValue\n13. useState                  useState\n14. useState                  useState\n15. useState                  useState\n16. useState                  useState\n17. useEffect                 useEffect\n18. undefined                 useState\n'[39m
[0m
[0m[2m[19:53:49][22m [31mE |[39m [1m[31mReactNativeJS[39m[22m [31m▶︎[39m [31m[2026-08-18T14:23:49.824Z] [ERROR] [ConsoleError] React has detected a change in the order of Hooks called by %s. This will lead to bugs and errors if not fixed. For more information, read the Rules of Hooks: https://react.dev/link/rules-of-hooks[39m
                             [31m│ [39m[31m[39m
                             [31m│ [39m[31mPrevious render            Next render[39m
                             [31m│ [39m[31m------------------------------------------------------[39m
                             [31m│ [39m[31m%s   ^^^^^^^^^^^^^^^^^^^^^^^^^^^^^^^^^^^^^^^^^^^^^^^^^^^^^^[39m
                             [31m│ [39m[31mIncidentScreen 1. useContext                 useContext[39m
                             [31m│ [39m[31m2. useContext                 useContext[39m
                             [31m│ [39m[31m3. useContext                 useContext[39m
                             [31m│ [39m[31m4. useContext                 useContext[39m
                             [31m│ [39m[31m5. useContext                 useContext[39m
                             [31m│ [39m[31m6. useContext                 useContext[39m
                             [31m│ [39m[31m7. useCallback                useCallback[39m
                             [31m│ [39m[31m8. useSyncExternalStore       useSyncExternalStore[39m
                             [31m│ [39m[31m9. useCallback                useCallback[39m
                             [31m│ [39m[31m10. useCallback               useCallback[39m
                             [31m│ [39m[31m11. useSyncExternalStore      useSyncExternalStore[39m
                             [31m│ [39m[31m12. useDebugValue             useDebugValue[39m
                             [31m│ [39m[31m13. useState                  useState[39m
                             [31m│ [39m[31m14. useState                  useState[39m
                             [31m│ [39m[31m15. useState                  useState[39m
                             [31m│ [39m[31m16. useState                  useState[39m
                             [31m│ [39m[31m17. useEffect                 useEffect[39m
                             [31m└ [39m[31m18. undefined                 useState[39m
[0m
[0m[2m[19:53:50][22m [31mE |[39m [1m[31mReactNativeJS[39m[22m [31m▶︎[39m [31m{ [Error: Rendered more hooks than during the previous render.][39m
                             [31m└ [39m[31mcomponentStack: '\n    at IncidentScreen (http://10.0.2.2:8081/src/features/incident/screens/IncidentScreen.bundle//&platform=android&dev=true&lazy=true&minify=false&app=com.myfirstapp&modulesOnly=true&runModule=true&sourcePaths=url-server&shallow=true:15:101)\n    at StaticContainer (http://10.0.2.2:8081/index.bundle//&platform=android&dev=true&lazy=true&minify=false&app=com.myfirstapp&modulesOnly=false&runModule=true&excludeSource=true&sourcePaths=url-server:96515:17)\n    at EnsureSingleNavigator (http://10.0.2.2:8081/index.bundle//&platform=android&dev=true&lazy=true&minify=false&app=com.myfirstapp&modulesOnly=false&runModule=true&excludeSource=true&sourcePaths=url-server:91719:3)\n    at SceneView (http://10.0.2.2:8081/index.bundle//&platform=android&dev=true&lazy=true&minify=false&app=com.myfirstapp&modulesOnly=false&runModule=true&excludeSource=true&sourcePaths=url-server:96388:3)\n    at NavigationProvider (http://10.0.2.2:8081/index.bundle//&platform=android&dev=true&lazy=true&minify=false&app=com.myfirstapp&modulesOnly=false&runModule=true&excludeSource=true&sourcePaths=url-server:91880:3)\n    at RNSScreenContentWrapper (<anonymous>)\n    at ScreenContentWrapper (<anonymous>)\n    at DebugContainer (http://10.0.2.2:8081/index.bundle//&platform=android&dev=true&lazy=true&minify=false&app=com.myfirstapp&modulesOnly=false&runModule=true&excludeSource=true&sourcePaths=url-server:105819:31)\n    at RNSScreen (<anonymous>)\n    at Animated(Anonymous) (http://10.0.2.2:8081/index.bundle//&platform=android&dev=true&lazy=true&minify=false&app=com.myfirstapp&modulesOnly=false&runModule=true&excludeSource=true&sourcePaths=url-server:62570:29)\n    at Suspender (http://10.0.2.2:8081/index.bundle//&platform=android&dev=true&lazy=true&minify=false&app=com.myfirstapp&modulesOnly=false&runModule=true&excludeSource=true&sourcePaths=url-server:104884:3)\n    at Suspense (<anonymous>)\n    at Freeze (http://10.0.2.2:8081/index.bundle//&platform=android&dev=true&lazy=true&minify=false&app=com.myfirstapp&modulesOnly=false&runModule=true&excludeSource=true&sourcePaths=url-server:104895:3)\n    at DelayedFreeze (http://10.0.2.2:8081/index.bundle//&platform=android&dev=true&lazy=true&minify=false&app=com.myfirstapp&modulesOnly=false&runModule=true&excludeSource=true&sourcePaths=url-server:104848:3)\n    at InnerScreen (http://10.0.2.2:8081/index.bundle//&platform=android&dev=true&lazy=true&minify=false&app=com.myfirstapp&modulesOnly=false&runModule=true&excludeSource=true&sourcePaths=url-server:104625:41)\n    at Screen (http://10.0.2.2:8081/index.bundle//&platform=android&dev=true&lazy=true&minify=false&app=com.myfirstapp&modulesOnly=false&runModule=true&excludeSource=true&sourcePaths=url-server:104816:50)\n    at ScreenStackItem (http://10.0.2.2:8081/index.bundle//&platform=android&dev=true&lazy=true&minify=false&app=com.myfirstapp&modulesOnly=false&runModule=true&excludeSource=true&sourcePaths=url-server:105605:3)\n    at NavigationProvider (http://10.0.2.2:8081/index.bundle//&platform=android&dev=true&lazy=true&minify=false&app=com.myfirstapp&modulesOnly=false&runModule=true&excludeSource=true&sourcePaths=url-server:91880:3)\n    at SceneView (http://10.0.2.2:8081/index.bundle//&platform=android&dev=true&lazy=true&minify=false&app=com.myfirstapp&modulesOnly=false&runModule=true&excludeSource=true&sourcePaths=url-server:106775:19)\n    at RNSScreenStack (<anonymous>)\n    at anonymous (http://10.0.2.2:8081/index.bundle//&platform=android&dev=true&lazy=true&minify=false&app=com.myfirstapp&modulesOnly=false&runModule=true&excludeSource=true&sourcePaths=url-server:105584:20)\n    at ScreenStack (http://10.0.2.2:8081/index.bundle//&platform=android&dev=true&lazy=true&minify=false&app=com.myfirstapp&modulesOnly=false&runModule=true&excludeSource=true&sourcePaths=url-server:105484:30)\n    at RCTView (<anonymous>)\n    at View_withRef (address at http://10.0.2.2:8081/index.bundle?platform=android&dev=true&lazy=true&minify=false&app=com.myfirstapp&modulesOnly=fa[39m
[0m
[0m[2m[19:53:50][22m [31mE |[39m [1m[31mReactNativeJS[39m[22m [31m▶︎[39m [31misComponentError: true }[39m
                             [31m│ [39m[31m[2026-08-18T14:23:50.091Z] [ERROR] [ConsoleError] Error: Rendered more hooks than during the previous render.[39m
                             [31m│ [39m[31mError: Rendered more hooks than during the previous render.[39m
                             [31m│ [39m[31mat updateWorkInProgressHook (http://10.0.2.2:8081/index.bundle//&platform=android&dev=true&lazy=true&minify=false&app=com.myfirstapp&modulesOnly=false&runModule=true&excludeSource=true&sourcePaths=url-server:12409:22)[39m
                             [31m│ [39m[31mat updateReducer (http://10.0.2.2:8081/index.bundle//&platform=android&dev=true&lazy=true&minify=false&app=com.myfirstapp&modulesOnly=false&runModule=true&excludeSource=true&sourcePaths=url-server:12500:42)[39m
                             [31m│ [39m[31mat useState (http://10.0.2.2:8081/index.bundle//&platform=android&dev=true&lazy=true&minify=false&app=com.myfirstapp&modulesOnly=false&runModule=true&excludeSource=true&sourcePaths=url-server:18193:31)[39m
                             [31m│ [39m[31mat anonymous (http://10.0.2.2:8081/index.bundle//&platform=android&dev=true&lazy=true&minify=false&app=com.myfirstapp&modulesOnly=false&runModule=true&excludeSource=true&sourcePaths=url-server:7334:42)[39m
                             [31m│ [39m[31mat IncidentScreen (http://10.0.2.2:8081/src/features/incident/screens/IncidentScreen.bundle//&platform=android&dev=true&lazy=true&minify=false&app=com.myfirstapp&modulesOnly=true&runModule=true&sourcePaths=url-server&shallow=true:70:42)[39m
                             [31m│ [39m[31mat react_stack_bottom_frame (http://10.0.2.2:8081/index.bundle//&platform=android&dev=true&lazy=true&minify=false&app=com.myfirstapp&modulesOnly=false&runModule=true&excludeSource=true&sourcePaths=url-server:17664:29)[39m
                             [31m│ [39m[31mat renderWithHooks (http://10.0.2.2:8081/index.bundle//&platform=android&dev=true&lazy=true&minify=false&app=com.myfirstapp&modulesOnly=false&runModule=true&excludeSource=true&sourcePaths=url-server:12300:40)[39m
                             [31m│ [39m[31mat updateFunctionComponent (http://10.0.2.2:8081/index.bundle//&platform=android&dev=true&lazy=true&minify=false&app=com.myfirstapp&modulesOnly=false&runModule=true&excludeSource=true&sourcePaths=url-server:13586:34)[39m
                             [31m│ [39m[31mat beginWork (http://10.0.2.2:8081/index.bundle//&platform=android&dev=true&lazy=true&minify=false&app=com.myfirstapp&modulesOnly=false&runModule=true&excludeSource=true&sourcePaths=url-server:14044:41)[39m
                             [31m│ [39m[31mat run (native)[39m
                             [31m│ [39m[31mat runWithFiberInDEV (http://10.0.2.2:8081/index.bundle//&platform=android&dev=true&lazy=true&minify=false&app=com.myfirstapp&modulesOnly=false&runModule=true&excludeSource=true&sourcePaths=url-server:9756:73)[39m
                             [31m│ [39m[31mat performUnitOfWork (http://10.0.2.2:8081/index.bundle//&platform=android&dev=true&lazy=true&minify=false&app=com.myfirstapp&modulesOnly=false&runModule=true&excludeSource=true&sourcePaths=url-server:16104:97)[39m
                             [31m│ [39m[31mat workLoopSync (http://10.0.2.2:8081/index.bundle//&platform=android&dev=true&lazy=true&minify=false&app=com.myfirstapp&modulesOnly=false&runModule=true&excludeSource=true&sourcePaths=url-server:15999:57)[39m
                             [31m│ [39m[31mat renderRootSync (http://10.0.2.2:8081/index.bundle//&platform=android&dev=true&lazy=true&minify=false&app=com.myfirstapp&modulesOnly=false&runModule=true&excludeSource=true&sourcePaths=url-server:15984:21)[39m
                             [31m│ [39m[31mat performWorkOnRoot (http://10.0.2.2:8081/index.bundle//&platform=android&dev=true&lazy=true&minify=false&app=com.myfirstapp&modulesOnly=false&runModule=true&excludeSource=true&sourcePaths=url-server:15678:43)[39m
                             [31m│ [39m[31mat performSyncWorkOnRoot (http://10.0.2.2:8081/index.bundle//&platform=android&dev=true&lazy=true&minify=false&app=com.myfirstapp&modulesOnly=false&runModule=true&excludeSource=true&sourcePaths=url-server:11361:24)[39m
                             [31m│ [39m[31mat flushSyncWorkAcrossRoots_impl (http://10.0.2.2:8081/index.bundle//&platform=android&dev=true&lazy=true&minify=false&app=com.myfirstapp&modulesOnly=false&runModule=true&excludeSource=true&sourcePaths=url-server:11280:329)[39m
                             [31m└ [39m[31mat flushSyncWork (http://10.0.2.2:8081/index.bundle//&platform=android&dev=true&lazy=true&minify=false&app=com.myfirstapp&modulesOnly=false&runModule=true&excludeSource=true&sourcePaths=url-server:15795:113)[39m
[0m
[0m[2m[19:53:50][22m [31mE |[39m [1m[31mReactNativeJS[39m[22m [31m▶︎[39m [31mat scheduleRefresh (http://10.0.2.2:8081/index.bundle//&platform=android&dev=true&lazy=true&minify=false&app=com.myfirstapp&modulesOnly=false&runModule=true&excludeSource=true&sourcePaths=url-server:9339:22)[39m
                             [31m│ [39m[31mat apply (native)[39m
                             [31m│ [39m[31mat anonymous (http://10.0.2.2:8081/index.bundle//&platform=android&dev=true&lazy=true&minify=false&app=com.myfirstapp&modulesOnly=false&runModule=true&excludeSource=true&sourcePaths=url-server:39974:45)[39m
                             [31m│ [39m[31mat anonymous (http://10.0.2.2:8081/index.bundle//&platform=android&dev=true&lazy=true&minify=false&app=com.myfirstapp&modulesOnly=false&runModule=true&excludeSource=true&sourcePaths=url-server:51955:38)[39m
                             [31m│ [39m[31mat forEach (native)[39m
                             [31m│ [39m[31mat performReactRefresh (http://10.0.2.2:8081/index.bundle//&platform=android&dev=true&lazy=true&minify=false&app=com.myfirstapp&modulesOnly=false&runModule=true&excludeSource=true&sourcePaths=url-server:51947:39)[39m
                             [31m│ [39m[31mat performReactRefresh (http://10.0.2.2:8081/index.bundle//&platform=android&dev=true&lazy=true&minify=false&app=com.myfirstapp&modulesOnly=false&runModule=true&excludeSource=true&sourcePaths=url-server:51701:48)[39m
                             [31m└ [39m[31mat anonymous (http://10.0.2.2:8081/index.bundle//&platform=android&dev=true&lazy=true&minify=false&app=com.myfirstapp&modulesOnly=false&runModule=true&excludeSource=true&sourcePaths=url-server:442:40)[39m
[0m
[0m[2m[19:53:50][22m I | [1mReactNative[22m ▶︎ [GESTURE HANDLER] Tearing down gesture handler registered for root view com.facebook.react.runtime.ReactSurfaceView{288d1cd V.E...... ......ID 0,0-1080,2400 #1}
[0m
[0m[2m[19:53:57][22m I | [1mReactNative[22m ▶︎ [GESTURE HANDLER] Initialize gesture handler for root view com.facebook.react.runtime.ReactSurfaceView{288d1cd V.E...... ......ID 0,0-1080,2400 #1}
[0m
[0m[2m[19:53:58][22m I | [1mReactNativeJS[22m ▶︎ [2026-08-18T14:23:58.119Z] [INFO] [AttendanceCard] Current Attendance Info - Status: Checked Out, ClockIn: 1:14 PM, ClockOut: 1:20 PM
[0m
[0m[2m[19:53:58][22m I | [1mReactNativeJS[22m ▶︎ [2026-08-18T14:23:58.636Z] [INFO] [DB] getTable: read employees table, returned 4 rows
[0m
[0m[2m[19:53:59][22m I | [1mReactNativeJS[22m ▶︎ [2026-08-18T14:23:59.012Z] [INFO] [DB] getTable: read shifts table, returned 1 rows
[0m
[0m[2m[19:53:59][22m I | [1mReactNativeJS[22m ▶︎ [2026-08-18T14:23:59.027Z] [INFO] [DB] getTable: read attendance table, returned 10 rows
[0m
[0m[2m[19:53:59][22m I | [1mReactNativeJS[22m ▶︎ [2026-08-18T14:23:59.039Z] [INFO] [DB] getTable: read employees table, returned 4 rows
[0m
[0m[2m[19:53:59][22m I | [1mReactNativeJS[22m ▶︎ [2026-08-18T14:23:59.323Z] [INFO] [DB] getTable: read patrols table, returned 2 rows
[0m
[0m[2m[19:53:59][22m I | [1mReactNativeJS[22m ▶︎ [2026-08-18T14:23:59.373Z] [INFO] [DB] getTable: read employees table, returned 4 rows
[0m
[0m[2m[19:53:59][22m I | [1mReactNativeJS[22m ▶︎ [2026-08-18T14:23:59.401Z] [INFO] [DB] getTable: read leaves table, returned 1 rows
[0m
[0m[2m[19:53:59][22m I | [1mReactNativeJS[22m ▶︎ [2026-08-18T14:23:59.450Z] [INFO] [DB] getTable: read shifts table, returned 1 rows
[0m
[0m[2m[19:53:59][22m I | [1mReactNativeJS[22m ▶︎ [2026-08-18T14:23:59.553Z] [INFO] [DB] getTable: read attendance table, returned 10 rows
[0m
[0m[2m[19:53:59][22m I | [1mReactNativeJS[22m ▶︎ [2026-08-18T14:23:59.562Z] [INFO] [DB] getTable: read messages table, returned 2 rows
[0m
[0m[2m[19:53:59][22m I | [1mReactNativeJS[22m ▶︎ [2026-08-18T14:23:59.619Z] [INFO] [DB] getTable: read patrols table, returned 2 rows
[0m
[0m[2m[19:53:59][22m I | [1mReactNativeJS[22m ▶︎ [2026-08-18T14:23:59.651Z] [INFO] [DB] getTable: read notifications table, returned 22 rows
[0m
[0m[2m[19:53:59][22m I | [1mReactNativeJS[22m ▶︎ [2026-08-18T14:23:59.674Z] [INFO] [DB] getTable: read leaves table, returned 1 rows
[0m
[0m[2m[19:53:59][22m I | [1mReactNativeJS[22m ▶︎ [2026-08-18T14:23:59.764Z] [INFO] [GuardStore] Hydration completed successfully for G-1001
[0m
[0m[2m[19:54:00][22m I | [1mReactNativeJS[22m ▶︎ [2026-08-18T14:24:00.055Z] [INFO] [DB] getTable: read messages table, returned 2 rows
[0m
[0m[2m[19:54:00][22m I | [1mReactNativeJS[22m ▶︎ [2026-08-18T14:24:00.099Z] [INFO] [DB] getTable: read notifications table, returned 22 rows
[0m
[0m[2m[19:54:00][22m I | [1mReactNativeJS[22m ▶︎ [2026-08-18T14:24:00.202Z] [INFO] [GuardStore] Hydration completed successfully for G-1001
[0m
